model,group,pair,metric,n_from,n_to,estimate,ci_low,ci_high,boot_se,n_undefined,ci_excludes_zero
Qwen2.5-VL-7B,text_only,A1->A2,reliable_rate,5747,5747,0.11745258395684699,0.10762605956591274,0.12697107865962037,0.005023220858018762,0,True
Qwen2.5-VL-7B,text_only,A1->A2,uncertain_rate,5747,5747,-0.07499564990429791,-0.08539744721098994,-0.06396246172435381,0.005491767259671871,0,True
Qwen2.5-VL-7B,text_only,A1->A2,unreliable_rate,5747,5747,-0.042456934052549154,-0.04870433352511558,-0.03688955585637393,0.0030885190374448247,0,True
Qwen2.5-VL-7B,text_only,A1->A2,coverage,5747,5747,0.07499564990429786,0.06396246172435373,0.08539744721098987,0.005491767259671872,0,True
Qwen2.5-VL-7B,text_only,A1->A2,accuracy,5747,5747,0.03449910216393248,0.02636975077862561,0.04314978378009483,0.004434980944419094,0,True
Qwen2.5-VL-7B,text_only,A1->A2,precision,5747,5747,-0.008713704743499195,-0.013017510220969272,-0.004352152467489601,0.0022226601748955408,0,True
Qwen2.5-VL-7B,text_only,A1->A2,sensitivity,5747,5747,0.04960170409115572,0.042027442716808014,0.057986076376941365,0.004163428553618438,0,True
Qwen2.5-VL-7B,text_only,A1->A2,specificity,5747,5747,-0.24523024672859853,-0.29761785512781463,-0.19616157618779415,0.026170188052133767,0,True
Qwen2.5-VL-7B,text_only,A1->A2,f1,5747,5747,0.020308836355100945,0.015601690727170204,0.02536510349844895,0.0025245201483408697,0,True
Qwen2.5-VL-7B,text_only,A1->A2,balanced_accuracy,5747,5747,-0.09781427131872145,-0.12362917425479374,-0.07317236057421353,0.013135390888152411,0,True
Qwen2.5-VL-7B,text_only,A2->A3,reliable_rate,5747,5747,0.025752566556464296,0.02025433137431061,0.03162383163217665,0.00293748340169395,0,True
Qwen2.5-VL-7B,text_only,A2->A3,uncertain_rate,5747,5747,-0.005394118670610737,-0.012887767685285748,0.0016648495934847118,0.0036665000457376615,0,False
Qwen2.5-VL-7B,text_only,A2->A3,unreliable_rate,5747,5747,-0.02035844788585349,-0.025013157289331626,-0.016167687387323493,0.002202736588163268,0,True
Qwen2.5-VL-7B,text_only,A2->A3,coverage,5747,5747,0.005394118670610792,-0.0016648495934847407,0.012887767685285713,0.003666500045737663,0,False
Qwen2.5-VL-7B,text_only,A2->A3,accuracy,5747,5747,0.012681977300300962,0.007535432405201342,0.01839535861751926,0.0027461189952564416,0,True
Qwen2.5-VL-7B,text_only,A2->A3,precision,5747,5747,-0.003386552096491635,-0.0066411487289144925,-0.0004136899615681575,0.0015719479565473654,0,True
Qwen2.5-VL-7B,text_only,A2->A3,sensitivity,5747,5747,0.01870713623375042,0.014240717586943657,0.023887863028473722,0.0025131123548506515,0,True
Qwen2.5-VL-7B,text_only,A2->A3,specificity,5747,5747,-0.13956911548240333,-0.18608346199236778,-0.09444033549463554,0.023687313981076184,0,True
Qwen2.5-VL-7B,text_only,A2->A3,f1,5747,5747,0.007152750783762762,0.004405606354808203,0.010242195607746644,0.0014860944909692688,0,True
Qwen2.5-VL-7B,text_only,A2->A3,balanced_accuracy,5747,5747,-0.06043098962432636,-0.0834064096089612,-0.03794909444159914,0.011850761956953311,0,True
Qwen2.5-VL-7B,text_only,A1->A3,reliable_rate,5747,5747,0.14320515051331129,0.13282549408772942,0.15395151141335442,0.005259839814757167,0,True
Qwen2.5-VL-7B,text_only,A1->A3,uncertain_rate,5747,5747,-0.08038976857490865,-0.0919514737150163,-0.06823678271367772,0.006066395831963957,0,True
Qwen2.5-VL-7B,text_only,A1->A3,unreliable_rate,5747,5747,-0.06281538193840264,-0.07029063366618345,-0.05583510902982367,0.003713771784522502,0,True
Qwen2.5-VL-7B,text_only,A1->A3,coverage,5747,5747,0.08038976857490865,0.06823678271367764,0.09195147371501636,0.006066395831963958,0,True
Qwen2.5-VL-7B,text_only,A1->A3,accuracy,5747,5747,0.047181079464233444,0.03715553521306239,0.05763519550169198,0.0054039107442649765,0,True
Qwen2.5-VL-7B,text_only,A1->A3,precision,5747,5747,-0.01210025683999083,-0.016948119515806777,-0.0073705040194921665,0.002473643740103674,0,True
Qwen2.5-VL-7B,text_only,A1->A3,sensitivity,5747,5747,0.06830884032490614,0.05861344724775963,0.07826733045148648,0.005099917036200589,0,True
Qwen2.5-VL-7B,text_only,A1->A3,specificity,5747,5747,-0.38479936221100186,-0.44460305706924996,-0.32789580224263337,0.02959000219399427,0,True
Qwen2.5-VL-7B,text_only,A1->A3,f1,5747,5747,0.027461587138863708,0.02188362911399187,0.03342536377529579,0.0030601468271317543,0,True
Qwen2.5-VL-7B,text_only,A1->A3,balanced_accuracy,5747,5747,-0.1582452609430478,-0.18775102323159573,-0.1300821186248086,0.014666181728246859,0,True
Qwen2.5-VL-7B,image_representation,A2->A4,reliable_rate,5747,5747,-0.12145467200278404,-0.1352306897913313,-0.10787883221756513,0.006864385276903121,0,True
Qwen2.5-VL-7B,image_representation,A2->A4,uncertain_rate,5747,5747,0.0370628153819384,0.02223228879769266,0.05179278197208874,0.007584206815727399,0,True
Qwen2.5-VL-7B,image_representation,A2->A4,unreliable_rate,5747,5747,0.08439185662084567,0.07548754444055873,0.09404873087063269,0.004839217058337726,0,True
Qwen2.5-VL-7B,image_representation,A2->A4,coverage,5747,5747,-0.03706281538193834,-0.051792781972088774,-0.0222322887976927,0.007584206815727401,0,True
Qwen2.5-VL-7B,image_representation,A2->A4,accuracy,5747,5747,-0.056404588539924805,-0.0689442249950874,-0.04371232931023334,0.006392586041095301,0,True
Qwen2.5-VL-7B,image_representation,A2->A4,precision,5747,5747,0.023545688190927727,0.017308016610822843,0.02985902195156132,0.0032254325591264954,0,True
Qwen2.5-VL-7B,image_representation,A2->A4,sensitivity,5747,5747,-0.08945624289122356,-0.10174976693459506,-0.07777366047970127,0.006149610828569826,0,True
Qwen2.5-VL-7B,image_representation,A2->A4,specificity,5747,5747,0.4584566248649664,0.3971824731201556,0.5227564171745623,0.03202924757964698,0,True
Qwen2.5-VL-7B,image_representation,A2->A4,f1,5747,5747,-0.03434972325333385,-0.04177756339625071,-0.027010759849451244,0.0037449557430534945,0,True
Qwen2.5-VL-7B,image_representation,A2->A4,balanced_accuracy,5747,5747,0.18450019098687154,0.15420059792158142,0.2167407123244589,0.015979943100299453,0,True
Qwen2.5-VL-7B,image_representation,A2->A5,reliable_rate,5747,5747,-0.2093266051853141,-0.22592151434353405,-0.19222928864464484,0.008502929362654264,0,True
Qwen2.5-VL-7B,image_representation,A2->A5,uncertain_rate,5747,5747,-0.15468940316686966,-0.17299367270635602,-0.13747400690936434,0.00919092853160224,0,True
Qwen2.5-VL-7B,image_representation,A2->A5,unreliable_rate,5747,5747,0.36401600835218373,0.3489611925787668,0.37932927771916325,0.007627602985258638,0,True
Qwen2.5-VL-7B,image_representation,A2->A5,coverage,5747,5747,0.15468940316686974,0.13747400690936434,0.17299367270635607,0.009190928531602239,0,True
Qwen2.5-VL-7B,image_representation,A2->A5,accuracy,5747,5747,-0.2605811093206051,-0.27833178834592526,-0.24300456423654032,0.008963055321315241,0,True
Qwen2.5-VL-7B,image_representation,A2->A5,precision,5747,5747,0.03543468522530424,0.02785096615157339,0.04277828889977906,0.003769653220428476,0,True
Qwen2.5-VL-7B,image_representation,A2->A5,sensitivity,5747,5747,-0.3408094873132961,-0.3577774665608145,-0.32376497563312945,0.008518788615586963,0,True
Qwen2.5-VL-7B,image_representation,A2->A5,specificity,5747,5747,0.7232096152208557,0.6682744096276798,0.7795006404794271,0.02814451602255615,0,True
Qwen2.5-VL-7B,image_representation,A2->A5,f1,5747,5747,-0.1886080989282306,-0.20147066348043152,-0.17576648145718898,0.006567469156226507,0,True
Qwen2.5-VL-7B,image_representation,A2->A5,balanced_accuracy,5747,5747,0.19120006395377986,0.16182947305104967,0.22068219481418241,0.014699430346065821,0,True
Qwen2.5-VL-7B,image_representation,A4->A5,reliable_rate,5747,5747,-0.08787193318253006,-0.10210147096723743,-0.07376314818088055,0.007304763482461817,0,True
Qwen2.5-VL-7B,image_representation,A4->A5,uncertain_rate,5747,5747,-0.19175221854880806,-0.20753537677975872,-0.1765609575749139,0.008002057494817095,0,True
Qwen2.5-VL-7B,image_representation,A4->A5,unreliable_rate,5747,5747,0.2796241517313381,0.2653457717119052,0.2947000134173566,0.007258408688360515,0,True
Qwen2.5-VL-7B,image_representation,A4->A5,coverage,5747,5747,0.19175221854880808,0.17656095757491394,0.20753537677975878,0.008002057494817093,0,True
Qwen2.5-VL-7B,image_representation,A4->A5,accuracy,5747,5747,-0.20417652078068027,-0.2190502681362736,-0.1896060268238525,0.007605377321468077,0,True
Qwen2.5-VL-7B,image_representation,A4->A5,precision,5747,5747,0.011888997034376514,0.005500920177003038,0.017957458730377497,0.0031957940305985632,0,True
Qwen2.5-VL-7B,image_representation,A4->A5,sensitivity,5747,5747,-0.2513532444220725,-0.2670958011411732,-0.2364236359805529,0.007731774451385094,0,True
Qwen2.5-VL-7B,image_representation,A4->A5,specificity,5747,5747,0.2647529903558893,0.20438003169869062,0.3252484504514081,0.03084321120197452,0,True
Qwen2.5-VL-7B,image_representation,A4->A5,f1,5747,5747,-0.15425837567489675,-0.1655145391348043,-0.14304892094501798,0.005732057218679866,0,True
Qwen2.5-VL-7B,image_representation,A4->A5,balanced_accuracy,5747,5747,0.006699872966908327,-0.02360607724547908,0.03600368277204401,0.015740156498536148,0,False
Qwen2.5-VL-7B,mixed_image_and_metadata,A1->A4,reliable_rate,5747,5747,-0.004002088045937047,-0.01828202577681002,0.010341612601035069,0.007413481260631856,0,False
Qwen2.5-VL-7B,mixed_image_and_metadata,A1->A4,uncertain_rate,5747,5747,-0.037932834522359515,-0.05297732462898202,-0.023164558394770517,0.007636127146371092,0,True
Qwen2.5-VL-7B,mixed_image_and_metadata,A1->A4,unreliable_rate,5747,5747,0.04193492256829651,0.03186402446882344,0.05136174941094017,0.004938089432667466,0,True
Qwen2.5-VL-7B,mixed_image_and_metadata,A1->A4,coverage,5747,5747,0.037932834522359515,0.023164558394770562,0.05297732462898212,0.007636127146371092,0,True
Qwen2.5-VL-7B,mixed_image_and_metadata,A1->A4,accuracy,5747,5747,-0.021905486375992322,-0.033918836323404485,-0.009724494476072555,0.006112824257099872,0,True
Qwen2.5-VL-7B,mixed_image_and_metadata,A1->A4,precision,5747,5747,0.014831983447428532,0.008695547458550366,0.02074624915330621,0.0030824948821986773,0,True
Qwen2.5-VL-7B,mixed_image_and_metadata,A1->A4,sensitivity,5747,5747,-0.03985453880006784,-0.05210313113787705,-0.02787525736198626,0.006189987658955815,0,True
Qwen2.5-VL-7B,mixed_image_and_metadata,A1->A4,specificity,5747,5747,0.2132263781363679,0.15186006116892917,0.27303053108934766,0.030978828722578993,0,True
Qwen2.5-VL-7B,mixed_image_and_metadata,A1->A4,f1,5747,5747,-0.014040886898232907,-0.02110528909487967,-0.006823607706029926,0.0036115202307418566,0,True
Qwen2.5-VL-7B,mixed_image_and_metadata,A1->A4,balanced_accuracy,5747,5747,0.08668591966815009,0.056142785446175146,0.11710419060692032,0.015557455722568801,0,True
Qwen2.5-VL-7B,mixed_image_and_metadata,A1->A5,reliable_rate,5747,5747,-0.0918740212284671,-0.10909916902610807,-0.07531274254251305,0.008611995012430113,0,True
Qwen2.5-VL-7B,mixed_image_and_metadata,A1->A5,uncertain_rate,5747,5747,-0.22968505307116757,-0.24737227419316157,-0.21236416246241746,0.009102090161286738,0,True
Qwen2.5-VL-7B,mixed_image_and_metadata,A1->A5,unreliable_rate,5747,5747,0.3215590742996346,0.3061583516146935,0.3370059739927442,0.007825300427831777,0,True
Qwen2.5-VL-7B,mixed_image_and_metadata,A1->A5,coverage,5747,5747,0.2296850530711676,0.21236416246241746,0.24737227419316152,0.009102090161286738,0,True
Qwen2.5-VL-7B,mixed_image_and_metadata,A1->A5,accuracy,5747,5747,-0.2260820071566726,-0.24273454526269644,-0.208981236158529,0.008618442100587324,0,True
Qwen2.5-VL-7B,mixed_image_and_metadata,A1->A5,precision,5747,5747,0.026720980481805046,0.01972842519235515,0.03392394018189451,0.0035903088395039446,0,True
Qwen2.5-VL-7B,mixed_image_and_metadata,A1->A5,sensitivity,5747,5747,-0.29120778322214036,-0.3079735465605153,-0.2742451047608697,0.008654200089705912,0,True
Qwen2.5-VL-7B,mixed_image_and_metadata,A1->A5,specificity,5747,5747,0.4779793684922572,0.415639190326359,0.5371462191725446,0.03070494642131373,0,True
Qwen2.5-VL-7B,mixed_image_and_metadata,A1->A5,f1,5747,5747,-0.16829926257312966,-0.1806094003962741,-0.15604331914374736,0.00634849569685992,0,True
Qwen2.5-VL-7B,mixed_image_and_metadata,A1->A5,balanced_accuracy,5747,5747,0.09338579263505842,0.060922357195218386,0.12408638593208345,0.01573190595531047,0,True
Qwen2.5-VL-7B,mixed_image_and_metadata,A3->A4,reliable_rate,5747,5747,-0.14720723855924833,-0.16029740432256162,-0.13416690009632368,0.006775680895377042,0,True
Qwen2.5-VL-7B,mixed_image_and_metadata,A3->A4,uncertain_rate,5747,5747,0.04245693405254913,0.027213230882058796,0.05788871490171412,0.007830109477501635,0,True
Qwen2.5-VL-7B,mixed_image_and_metadata,A3->A4,unreliable_rate,5747,5747,0.10475030450669914,0.09549190400264793,0.11455077592832011,0.0048974708156822155,0,True
Qwen2.5-VL-7B,mixed_image_and_metadata,A3->A4,coverage,5747,5747,-0.04245693405254913,-0.05788871490171407,-0.027213230882058768,0.007830109477501637,0,True
Qwen2.5-VL-7B,mixed_image_and_metadata,A3->A4,accuracy,5747,5747,-0.06908656584022577,-0.08214641450568248,-0.05603733478680587,0.006626791267386109,0,True
Qwen2.5-VL-7B,mixed_image_and_metadata,A3->A4,precision,5747,5747,0.026932240287419362,0.02086150805441892,0.03362290583142083,0.0032323166008540612,0,True
Qwen2.5-VL-7B,mixed_image_and_metadata,A3->A4,sensitivity,5747,5747,-0.10816337912497398,-0.12071734844207412,-0.0964557427741543,0.006289450253309328,0,True
Qwen2.5-VL-7B,mixed_image_and_metadata,A3->A4,specificity,5747,5747,0.5980257403473698,0.5340909090909092,0.6619040809754682,0.03288792384645658,0,True
Qwen2.5-VL-7B,mixed_image_and_metadata,A3->A4,f1,5747,5747,-0.041502474037096615,-0.04929442692664256,-0.03393100228975447,0.003865632308613147,0,True
Qwen2.5-VL-7B,mixed_image_and_metadata,A3->A4,balanced_accuracy,5747,5747,0.2449311806111979,0.21319082537686374,0.2761130251774725,0.016320482553842743,0,True
Qwen2.5-VL-7B,mixed_image_and_metadata,A3->A5,reliable_rate,5747,5747,-0.2350791717417784,-0.2509580723497622,-0.21893916566635874,0.008205082328870232,0,True
Qwen2.5-VL-7B,mixed_image_and_metadata,A3->A5,uncertain_rate,5747,5747,-0.14929528449625892,-0.16808461429786398,-0.1319464456413307,0.009474789651432131,0,True
Qwen2.5-VL-7B,mixed_image_and_metadata,A3->A5,unreliable_rate,5747,5747,0.38437445623803723,0.36982214364090704,0.3993413940580043,0.0077120063451243314,0,True
Qwen2.5-VL-7B,mixed_image_and_metadata,A3->A5,coverage,5747,5747,0.14929528449625895,0.13194644564133068,0.16808461429786395,0.009474789651432133,0,True
Qwen2.5-VL-7B,mixed_image_and_metadata,A3->A5,accuracy,5747,5747,-0.27326308662090604,-0.29228732724255085,-0.25508580253441526,0.009366838919021956,0,True
Qwen2.5-VL-7B,mixed_image_and_metadata,A3->A5,precision,5747,5747,0.038821237321795876,0.03130447381186256,0.04630134970580168,0.0038485511367852944,0,True
Qwen2.5-VL-7B,mixed_image_and_metadata,A3->A5,sensitivity,5747,5747,-0.3595166235470465,-0.3765345219758359,-0.34283739320859624,0.00866271209530269,0,True
Qwen2.5-VL-7B,mixed_image_and_metadata,A3->A5,specificity,5747,5747,0.8627787307032591,0.8216460752747654,0.898151866279086,0.019101504812056642,0,True
Qwen2.5-VL-7B,mixed_image_and_metadata,A3->A5,f1,5747,5747,-0.19576084971199337,-0.20926761490857498,-0.18238737899566326,0.006776454620544546,0,True
Qwen2.5-VL-7B,mixed_image_and_metadata,A3->A5,balanced_accuracy,5747,5747,0.2516310535781062,0.23052762864997328,0.2705682130362736,0.010299391600690818,0,True
Qwen3-VL-8B,text_only,A1->A2,reliable_rate,5747,5747,0.05689925178353927,0.050151159443796924,0.06375046226540974,0.0034601022582863767,0,True
Qwen3-VL-8B,text_only,A1->A2,uncertain_rate,5747,5747,0.026970593353053775,0.021193246331964493,0.033111209365189194,0.0030765765148429154,0,True
Qwen3-VL-8B,text_only,A1->A2,unreliable_rate,5747,5747,-0.083869845136593,-0.09177797180046388,-0.07626183561946774,0.003942198209186774,0,True
Qwen3-VL-8B,text_only,A1->A2,coverage,5747,5747,-0.02697059335305374,-0.03311120936518918,-0.021193246331964528,0.0030765765148429163,0,True
Qwen3-VL-8B,text_only,A1->A2,accuracy,5747,5747,0.05124110006050664,0.04416640074361678,0.05874683990247024,0.0037468999649735205,0,True
Qwen3-VL-8B,text_only,A1->A2,precision,5747,5747,-0.009368947270305905,-0.012940585637194465,-0.006064493558099771,0.0017679725919587936,0,True
Qwen3-VL-8B,text_only,A1->A2,sensitivity,5747,5747,0.073173582774678,0.065523339093529,0.08086231702238915,0.0038483115302919498,0,True
Qwen3-VL-8B,text_only,A1->A2,specificity,5747,5747,-0.1566158820359575,-0.18654839765606337,-0.12999851585030475,0.014746560412988842,0,True
Qwen3-VL-8B,text_only,A1->A2,f1,5747,5747,0.03531605843188079,0.03060998231695523,0.04036343380667781,0.0024532754516802618,0,True
Qwen3-VL-8B,text_only,A1->A2,balanced_accuracy,5747,5747,-0.041721149630639776,-0.05714557022961562,-0.0278792281399944,0.007550810377869719,0,True
Qwen3-VL-8B,text_only,A2->A3,reliable_rate,5747,5747,-0.07221158865495048,-0.08020031129698289,-0.06458636675848546,0.004040609596018036,0,True
Qwen3-VL-8B,text_only,A2->A3,uncertain_rate,5747,5747,-0.005916130154863419,-0.01242037562827659,0.0005167527152103293,0.003303514754116167,0,False
Qwen3-VL-8B,text_only,A2->A3,unreliable_rate,5747,5747,0.07812771880981383,0.07043538307123506,0.08677153298862937,0.0041234223545599585,0,True
Qwen3-VL-8B,text_only,A2->A3,coverage,5747,5747,0.005916130154863364,-0.0005167527152103307,0.012420375628276583,0.0033035147541161654,0,False
Qwen3-VL-8B,text_only,A2->A3,accuracy,5747,5747,-0.051246945567474333,-0.059814478915486684,-0.042988855180356396,0.004225411961251692,0,True
Qwen3-VL-8B,text_only,A2->A3,precision,5747,5747,0.00995305938772395,0.006014720956895076,0.014101264986861763,0.002049411236292234,0,True
Qwen3-VL-8B,text_only,A2->A3,sensitivity,5747,5747,-0.0732038585128717,-0.0816521153450207,-0.06494830117092139,0.004240355339595176,0,True
Qwen3-VL-8B,text_only,A2->A3,specificity,5747,5747,0.1515236588229289,0.12042765920714031,0.1850590019410449,0.016843323659198935,0,True
Qwen3-VL-8B,text_only,A2->A3,f1,5747,5747,-0.03507781782362729,-0.04072225284023235,-0.029759379462382544,0.0027559810083192388,0,True
Qwen3-VL-8B,text_only,A2->A3,balanced_accuracy,5747,5747,0.03915990015502868,0.02228198841929544,0.05686827821741672,0.008702243137469704,0,True
Qwen3-VL-8B,text_only,A1->A3,reliable_rate,5747,5747,-0.015312336871411203,-0.02317782793119154,-0.00781967473415831,0.0038413862353487522,0,True
Qwen3-VL-8B,text_only,A1->A3,uncertain_rate,5747,5747,0.021054463198190355,0.015844812853021743,0.02645713671443859,0.0026899847856933913,0,True
Qwen3-VL-8B,text_only,A1->A3,unreliable_rate,5747,5747,-0.005742126326779173,-0.012773103372349052,0.0017233731745007995,0.0035805594188338275,0,False
Qwen3-VL-8B,text_only,A1->A3,coverage,5747,5747,-0.021054463198190376,-0.026457136714438563,-0.015844812853021674,0.0026899847856933904,0,True
Qwen3-VL-8B,text_only,A1->A3,accuracy,5747,5747,-5.845506967694369e-06,-0.007305039396675953,0.007231060421757284,0.0036765714486514927,0,False
Qwen3-VL-8B,text_only,A1->A3,precision,5747,5747,0.0005841121174180453,-0.003392234801785285,0.004637873985388948,0.0020315435081684342,0,False
Qwen3-VL-8B,text_only,A1->A3,sensitivity,5747,5747,-3.027573819369689e-05,-0.007388319298266563,0.006960656354694299,0.003664435413890749,0,False
Qwen3-VL-8B,text_only,A1->A3,specificity,5747,5747,-0.005092223213028602,-0.03407527382607548,0.026272356135073477,0.01509324043139282,0,False
Qwen3-VL-8B,text_only,A1->A3,f1,5747,5747,0.0002382406082535038,-0.004519399216954592,0.004857615567260115,0.002374086566193422,0,False
Qwen3-VL-8B,text_only,A1->A3,balanced_accuracy,5747,5747,-0.0025612494756110937,-0.017588733419505974,0.012952910407274712,0.007790881698037662,0,False
Qwen3-VL-8B,image_representation,A2->A4,reliable_rate,5747,5747,0.07221158865495036,0.058065277884641636,0.08642370370370372,0.007329486347987195,0,True
Qwen3-VL-8B,image_representation,A2->A4,uncertain_rate,5747,5747,-0.021750478510527235,-0.030258378718587737,-0.0134373978750648,0.004270407677143297,0,True
Qwen3-VL-8B,image_representation,A2->A4,unreliable_rate,5747,5747,-0.05046111014442317,-0.0617063829927804,-0.039524001906044395,0.005627234238653674,0,True
Qwen3-VL-8B,image_representation,A2->A4,coverage,5747,5747,0.02175047851052725,0.013437397875064847,0.030258378718587768,0.004270407677143297,0,True
Qwen3-VL-8B,image_representation,A2->A4,accuracy,5747,5747,-0.001927655413713203,-0.014202423395950422,0.010583994202412761,0.006312560335975716,0,False
Qwen3-VL-8B,image_representation,A2->A4,precision,5747,5747,-0.02969943846279588,-0.0360387581846402,-0.02358694404286316,0.003170233870370122,0,True
Qwen3-VL-8B,image_representation,A2->A4,sensitivity,5747,5747,0.03252195582550821,0.02055699118922095,0.04526999276438352,0.006135737744035534,0,True
Qwen3-VL-8B,image_representation,A2->A4,specificity,5747,5747,-0.2645364715229157,-0.31227170323568243,-0.21860096973955007,0.02373027824972587,0,True
Qwen3-VL-8B,image_representation,A2->A4,f1,5747,5747,0.0014189474146070191,-0.0058359357923987495,0.008742186171866331,0.003733581570805883,0,False
Qwen3-VL-8B,image_representation,A2->A4,balanced_accuracy,5747,5747,-0.1160072578487037,-0.13999415996019754,-0.09235512926555092,0.012029603918439248,0,True
Qwen3-VL-8B,image_representation,A2->A5,reliable_rate,5747,5747,-0.6185836088393944,-0.6348312281766595,-0.602325162075208,0.008454775588275424,0,True
Qwen3-VL-8B,image_representation,A2->A5,uncertain_rate,5747,5747,0.6171915782147207,0.6012426987923613,0.6325291716949476,0.008064228476648398,0,True
Qwen3-VL-8B,image_representation,A2->A5,unreliable_rate,5747,5747,0.0013920306246737457,-0.012962214449075183,0.015283574177042772,0.007271267579984436,0,False
Qwen3-VL-8B,image_representation,A2->A5,coverage,5747,5747,-0.6171915782147207,-0.6325291716949476,-0.6012426987923613,0.008064228476648396,0,True
Qwen3-VL-8B,image_representation,A2->A5,accuracy,5747,5747,-0.13453082281443718,-0.15951380560082148,-0.1071245125895597,0.013421230652927387,0,True
Qwen3-VL-8B,image_representation,A2->A5,precision,5747,5747,0.06208480627418933,0.05221972687094648,0.07157656628090484,0.004864220312709873,0,True
Qwen3-VL-8B,image_representation,A2->A5,sensitivity,5747,5747,-0.21962832921897935,-0.24567532563956887,-0.19061807654612706,0.01410220971261754,0,True
Qwen3-VL-8B,image_representation,A2->A5,specificity,5747,5747,0.5608551530168084,0.5128486097257264,0.6083354560275367,0.024545853491479967,0,True
Qwen3-VL-8B,image_representation,A2->A5,f1,5747,5747,-0.10790151580190066,-0.12660876457805517,-0.08728851107443361,0.010003987537618008,0,True
Qwen3-VL-8B,image_representation,A2->A5,balanced_accuracy,5747,5747,0.17061341189891455,0.14331345722914757,0.19793819721438466,0.014024906128198886,0,True
Qwen3-VL-8B,image_representation,A4->A5,reliable_rate,5747,5747,-0.6907951974943448,-0.7062867409833232,-0.6754906736879779,0.007854720457495827,0,True
Qwen3-VL-8B,image_representation,A4->A5,uncertain_rate,5747,5747,0.638942056725248,0.6230089978072,0.6547385745793114,0.007967285156795657,0,True
Qwen3-VL-8B,image_representation,A4->A5,unreliable_rate,5747,5747,0.05185314076909692,0.03942031607797539,0.06437694237970326,0.006498898393471518,0,True
Qwen3-VL-8B,image_representation,A4->A5,coverage,5747,5747,-0.638942056725248,-0.6547385745793114,-0.6230089978072,0.007967285156795657,0,True
Qwen3-VL-8B,image_representation,A4->A5,accuracy,5747,5747,-0.13260316740072398,-0.1600174867806063,-0.10656678608099841,0.01375357374271822,0,True
Qwen3-VL-8B,image_representation,A4->A5,precision,5747,5747,0.09178424473698521,0.08137423776333683,0.10235347404128362,0.005411810647085552,0,True
Qwen3-VL-8B,image_representation,A4->A5,sensitivity,5747,5747,-0.25215028504448755,-0.2778381881032088,-0.22504524501263962,0.013524864898124083,0,True
Qwen3-VL-8B,image_representation,A4->A5,specificity,5747,5747,0.8253916245397241,0.782465930684537,0.8640710628158681,0.02044781321871242,0,True
Qwen3-VL-8B,image_representation,A4->A5,f1,5747,5747,-0.10932046321650768,-0.12902010832646368,-0.08988213770726725,0.00998995781368367,0,True
Qwen3-VL-8B,image_representation,A4->A5,balanced_accuracy,5747,5747,0.28662066974761824,0.2617628155762834,0.3093152437683052,0.012288655558641302,0,True
Qwen3-VL-8B,mixed_image_and_metadata,A1->A4,reliable_rate,5747,5747,0.12911084043848964,0.11395614759130664,0.14538293439698421,0.007965925304474571,0,True
Qwen3-VL-8B,mixed_image_and_metadata,A1->A4,uncertain_rate,5747,5747,0.0052201148425265395,-0.002464133690633318,0.01328686088475921,0.004108313328871192,0,False
Qwen3-VL-8B,mixed_image_and_metadata,A1->A4,unreliable_rate,5747,5747,-0.13433095528101618,-0.14862327320926583,-0.12210807816550572,0.006870890312813923,0,True
Qwen3-VL-8B,mixed_image_and_metadata,A1->A4,coverage,5747,5747,-0.005220114842526491,-0.013286860884759197,0.002464133690633249,0.004108313328871193,0,False
Qwen3-VL-8B,mixed_image_and_metadata,A1->A4,accuracy,5747,5747,0.049313444646793436,0.03509679193926568,0.06508404698680752,0.0076142580459664915,0,True
Qwen3-VL-8B,mixed_image_and_metadata,A1->A4,precision,5747,5747,-0.039068385733101785,-0.04615223496258104,-0.032120438204442374,0.0035698838710949746,0,True
Qwen3-VL-8B,mixed_image_and_metadata,A1->A4,sensitivity,5747,5747,0.10569553860018621,0.09218651383660252,0.12156806907268387,0.007438488699087332,0,True
Qwen3-VL-8B,mixed_image_and_metadata,A1->A4,specificity,5747,5747,-0.42115235355887326,-0.469929839960979,-0.37621887572029095,0.023980099468262687,0,True
Qwen3-VL-8B,mixed_image_and_metadata,A1->A4,f1,5747,5747,0.03673500584648781,0.027943411510567163,0.04646836179214732,0.004720676435354483,0,True
Qwen3-VL-8B,mixed_image_and_metadata,A1->A4,balanced_accuracy,5747,5747,-0.15772840747934347,-0.1823712679794605,-0.1345273958701571,0.01226788629198027,0,True
Qwen3-VL-8B,mixed_image_and_metadata,A1->A5,reliable_rate,5747,5747,-0.5616843570558552,-0.5789861470901649,-0.5439176781436111,0.009055633299053035,0,True
Qwen3-VL-8B,mixed_image_and_metadata,A1->A5,uncertain_rate,5747,5747,0.6441621715677744,0.6288575405100342,0.6595600845310409,0.007983841459661753,0,True
Qwen3-VL-8B,mixed_image_and_metadata,A1->A5,unreliable_rate,5747,5747,-0.08247781451191925,-0.09920733436018567,-0.06724973967578342,0.008220965358308116,0,True
Qwen3-VL-8B,mixed_image_and_metadata,A1->A5,coverage,5747,5747,-0.6441621715677744,-0.6595600845310409,-0.6288575405100342,0.007983841459661752,0,True
Qwen3-VL-8B,mixed_image_and_metadata,A1->A5,accuracy,5747,5747,-0.08328972275393054,-0.10878955452820492,-0.055158578963568086,0.013563622587174426,0,True
Qwen3-VL-8B,mixed_image_and_metadata,A1->A5,precision,5747,5747,0.052715859003883425,0.0429470582578568,0.062384760625837116,0.005001761309931232,0,True
Qwen3-VL-8B,mixed_image_and_metadata,A1->A5,sensitivity,5747,5747,-0.14645474644430134,-0.17344635948251758,-0.11619659840350811,0.014456649214032608,0,True
Qwen3-VL-8B,mixed_image_and_metadata,A1->A5,specificity,5747,5747,0.4042392709808509,0.35177756018176953,0.4546318625039463,0.025775426133521216,0,True
Qwen3-VL-8B,mixed_image_and_metadata,A1->A5,f1,5747,5747,-0.07258545737001987,-0.09201715166665678,-0.05100767000900461,0.010192527518518322,0,True
Qwen3-VL-8B,mixed_image_and_metadata,A1->A5,balanced_accuracy,5747,5747,0.12889226226827477,0.09872730330643445,0.15781468978783586,0.014727578386891422,0,True
Qwen3-VL-8B,mixed_image_and_metadata,A3->A4,reliable_rate,5747,5747,0.14442317730990084,0.129258307638989,0.16009011727106065,0.007883789174215223,0,True
Qwen3-VL-8B,mixed_image_and_metadata,A3->A4,uncertain_rate,5747,5747,-0.015834348355663816,-0.02469839136042233,-0.007203196361001226,0.0045805629262314134,0,True
Qwen3-VL-8B,mixed_image_and_metadata,A3->A4,unreliable_rate,5747,5747,-0.128588828954237,-0.14119102314896625,-0.11623329563637083,0.006442619566966028,0,True
Qwen3-VL-8B,mixed_image_and_metadata,A3->A4,coverage,5747,5747,0.015834348355663885,0.007203196361001254,0.024698391360422265,0.004580562926231412,0,True
Qwen3-VL-8B,mixed_image_and_metadata,A3->A4,accuracy,5747,5747,0.04931929015376113,0.03481969425705118,0.06495832362912653,0.007574241981010428,0,True
Qwen3-VL-8B,mixed_image_and_metadata,A3->A4,precision,5747,5747,-0.03965249785051983,-0.046968771673301254,-0.03247857466895998,0.003635871864469856,0,True
Qwen3-VL-8B,mixed_image_and_metadata,A3->A4,sensitivity,5747,5747,0.10572581433837991,0.09208923045053034,0.12032129784190972,0.007200767300157484,0,True
Qwen3-VL-8B,mixed_image_and_metadata,A3->A4,specificity,5747,5747,-0.41606013034584466,-0.46375522223090243,-0.37081819546293454,0.02368169704130106,0,True
Qwen3-VL-8B,mixed_image_and_metadata,A3->A4,f1,5747,5747,0.03649676523823431,0.02748299624664665,0.04622900938974489,0.0047049068243676904,0,True
Qwen3-VL-8B,mixed_image_and_metadata,A3->A4,balanced_accuracy,5747,5747,-0.15516715800373237,-0.1797502176367514,-0.13126976186153058,0.012243904539665694,0,True
Qwen3-VL-8B,mixed_image_and_metadata,A3->A5,reliable_rate,5747,5747,-0.546372020184444,-0.564181734467897,-0.5287209714326743,0.009104218300862759,0,True
Qwen3-VL-8B,mixed_image_and_metadata,A3->A5,uncertain_rate,5747,5747,0.6231077083695842,0.6083318407258569,0.6382576601302754,0.007884972377839765,0,True
Qwen3-VL-8B,mixed_image_and_metadata,A3->A5,unreliable_rate,5747,5747,-0.07673568818514008,-0.09291008828908232,-0.06129230446037749,0.008209066285926638,0,True
Qwen3-VL-8B,mixed_image_and_metadata,A3->A5,coverage,5747,5747,-0.6231077083695841,-0.6382576601302754,-0.6083318407258569,0.007884972377839765,0,True
Qwen3-VL-8B,mixed_image_and_metadata,A3->A5,accuracy,5747,5747,-0.08328387724696285,-0.10916180532958271,-0.054588898583091884,0.01367971379249144,0,True
Qwen3-VL-8B,mixed_image_and_metadata,A3->A5,precision,5747,5747,0.05213174688646538,0.04257583171595639,0.06152825403249428,0.004827556912257643,0,True
Qwen3-VL-8B,mixed_image_and_metadata,A3->A5,sensitivity,5747,5747,-0.14642447070610765,-0.17388047257372563,-0.11656533229775412,0.014562969805314584,0,True
Qwen3-VL-8B,mixed_image_and_metadata,A3->A5,specificity,5747,5747,0.4093314941938795,0.3581669181890918,0.45732957380188216,0.024997889590798652,0,True
Qwen3-VL-8B,mixed_image_and_metadata,A3->A5,f1,5747,5747,-0.07282369797827337,-0.09205679204068899,-0.05122850945617986,0.010244581009068362,0,True
Qwen3-VL-8B,mixed_image_and_metadata,A3->A5,balanced_accuracy,5747,5747,0.13145351174388586,0.10261421041520334,0.15932329919697288,0.01446026698775554,0,True
Qwen3-VL-4B,text_only,A1->A2,reliable_rate,5747,5747,0.09883417435183578,0.09065829741172739,0.10720118934217862,0.004169484372221762,0,True
Qwen3-VL-4B,text_only,A1->A2,uncertain_rate,5747,5747,-0.038802853662780565,-0.04631368738009728,-0.031637499598809946,0.003678389187715635,0,True
Qwen3-VL-4B,text_only,A1->A2,unreliable_rate,5747,5747,-0.060031320689055145,-0.06847521039495562,-0.05173144260246922,0.004335056046502207,0,True
Qwen3-VL-4B,text_only,A1->A2,coverage,5747,5747,0.03880285366278058,0.03163749959880999,0.046313687380097245,0.003678389187715635,0,True
Qwen3-VL-4B,text_only,A1->A2,accuracy,5747,5747,0.07537956474763674,0.06715774268386866,0.08377485740129059,0.0042441384557837004,0,True
Qwen3-VL-4B,text_only,A1->A2,precision,5747,5747,-0.008258598029053266,-0.013432382825998793,-0.0035625922910636943,0.002498133777019675,0,True
Qwen3-VL-4B,text_only,A1->A2,sensitivity,5747,5747,0.09283008441253743,0.08418967341060005,0.1016867328642043,0.004517999126230294,0,True
Qwen3-VL-4B,text_only,A1->A2,specificity,5747,5747,-0.056014491822655055,-0.07890497607849994,-0.03505284162276333,0.011193960974583764,0,True
Qwen3-VL-4B,text_only,A1->A2,f1,5747,5747,0.07690440328605086,0.06914976285224489,0.08490774008122477,0.004020614358213504,0,True
Qwen3-VL-4B,text_only,A1->A2,balanced_accuracy,5747,5747,0.01840779629494116,0.005988196580377483,0.029900398768409747,0.006100644695133605,0,True
Qwen3-VL-4B,text_only,A2->A3,reliable_rate,5747,5747,-0.008004176091874038,-0.012834254727246915,-0.003321141591738625,0.0024075569486860368,0,True
Qwen3-VL-4B,text_only,A2->A3,uncertain_rate,5747,5747,-0.013746302418653211,-0.01844110421425117,-0.008609906212620292,0.002488901673807364,0,True
Qwen3-VL-4B,text_only,A2->A3,unreliable_rate,5747,5747,0.021750478510527194,0.0163495924995681,0.027444780691845274,0.002865776206255957,0,True
Qwen3-VL-4B,text_only,A2->A3,coverage,5747,5747,0.013746302418653156,0.008609906212620278,0.01844110421425114,0.002488901673807365,0,True
Qwen3-VL-4B,text_only,A2->A3,accuracy,5747,5747,-0.008784873316074138,-0.01380674667047153,-0.004087647413326639,0.0025439277885645735,0,True
Qwen3-VL-4B,text_only,A2->A3,precision,5747,5747,0.005536262615736587,0.0023873270936539516,0.008882743515425423,0.001680114873410964,0,True
Qwen3-VL-4B,text_only,A2->A3,sensitivity,5747,5747,-0.014045103855364616,-0.01947110564211003,-0.008845385489738298,0.002704528550047571,0,True
Qwen3-VL-4B,text_only,A2->A3,specificity,5747,5747,0.030875124123426523,0.016190418339123533,0.046813233162169454,0.007771577136903744,0,True
Qwen3-VL-4B,text_only,A2->A3,f1,5747,5747,-0.009836691627493122,-0.014292928235961445,-0.0056607951727063064,0.0022418990159981255,0,True
Qwen3-VL-4B,text_only,A2->A3,balanced_accuracy,5747,5747,0.008415010134030898,0.0006184166621944182,0.016506935754537256,0.004083970375552888,0,True
Qwen3-VL-4B,text_only,A1->A3,reliable_rate,5747,5747,0.09082999825996174,0.08278304025810748,0.09871613864640126,0.004144428080634069,0,True
Qwen3-VL-4B,text_only,A1->A3,uncertain_rate,5747,5747,-0.052549156081433776,-0.05949471348965784,-0.0458185312637759,0.003507192749434054,0,True
Qwen3-VL-4B,text_only,A1->A3,unreliable_rate,5747,5747,-0.03828084217852795,-0.04698448313245669,-0.029811331593967618,0.004349174717163025,0,True
Qwen3-VL-4B,text_only,A1->A3,coverage,5747,5747,0.052549156081433734,0.045818531263775976,0.05949471348965777,0.0035071927494340553,0,True
Qwen3-VL-4B,text_only,A1->A3,accuracy,5747,5747,0.0665946914315626,0.05867917633560271,0.07451729321140946,0.004070020873933173,0,True
Qwen3-VL-4B,text_only,A1->A3,precision,5747,5747,-0.002722335413316679,-0.006970043892321906,0.001344765428013812,0.0020678825880396166,0,False
Qwen3-VL-4B,text_only,A1->A3,sensitivity,5747,5747,0.07878498055717281,0.07009458451535955,0.08727179325589103,0.0044854471737174415,0,True
Qwen3-VL-4B,text_only,A1->A3,specificity,5747,5747,-0.025139367699228532,-0.04303391447645012,-0.008641194355858367,0.008854221142876408,0,True
Qwen3-VL-4B,text_only,A1->A3,f1,5747,5747,0.06706771165855774,0.059347389154040794,0.07473723542136401,0.003969178163570278,0,True
Qwen3-VL-4B,text_only,A1->A3,balanced_accuracy,5747,5747,0.026822806428972057,0.017113541682071513,0.036133552435735725,0.004857491021268753,0,True
Qwen3-VL-4B,image_representation,A2->A4,reliable_rate,5747,5747,-0.10927440403688882,-0.12385690480350511,-0.09452221028084928,0.007376304664448601,0,True
Qwen3-VL-4B,image_representation,A2->A4,uncertain_rate,5747,5747,-0.029058639290064386,-0.038128079710144924,-0.01974588611949362,0.0046475117698892045,0,True
Qwen3-VL-4B,image_representation,A2->A4,unreliable_rate,5747,5747,0.13833304332695312,0.12331203858536699,0.15354143662525402,0.007702346601698545,0,True
Qwen3-VL-4B,image_representation,A2->A4,coverage,5747,5747,0.02905863929006436,0.019745886119493572,0.03812807971014494,0.004647511769889204,0,True
Qwen3-VL-4B,image_representation,A2->A4,accuracy,5747,5747,-0.12443934253777794,-0.13926217050660658,-0.10974622060019648,0.007663552469579938,0,True
Qwen3-VL-4B,image_representation,A2->A4,precision,5747,5747,0.0030232161864676144,-0.003303964014905078,0.009509994591970505,0.003357583521800163,0,False
Qwen3-VL-4B,image_representation,A2->A4,sensitivity,5747,5747,-0.14384597044210634,-0.16028617025208694,-0.1276299928781595,0.008423633675361098,0,True
Qwen3-VL-4B,image_representation,A2->A4,specificity,5747,5747,0.040996441281138885,0.012856863764163177,0.06953367738701836,0.01443544149225973,0,True
Qwen3-VL-4B,image_representation,A2->A4,f1,5747,5747,-0.125796095530058,-0.14105153015322333,-0.11081691919060031,0.007848413506930382,0,True
Qwen3-VL-4B,image_representation,A2->A4,balanced_accuracy,5747,5747,-0.05142476458048373,-0.06718616012931604,-0.03559423732979913,0.008165579452959175,0,True
Qwen3-VL-4B,image_representation,A2->A5,reliable_rate,5747,5747,-0.2690099182182008,-0.28786006178411955,-0.2507018025786555,0.009615331800239909,0,True
Qwen3-VL-4B,image_representation,A2->A5,uncertain_rate,5747,5747,0.17609187402122845,0.16157037752218287,0.19135708857663686,0.007561563675455567,0,True
Qwen3-VL-4B,image_representation,A2->A5,unreliable_rate,5747,5747,0.0929180441969723,0.0707742770088301,0.11563615978554317,0.011416219380906997,0,True
Qwen3-VL-4B,image_representation,A2->A5,coverage,5747,5747,-0.1760918740212285,-0.19135708857663686,-0.16157037752218292,0.007561563675455567,0,True
Qwen3-VL-4B,image_representation,A2->A5,accuracy,5747,5747,-0.22840180666708382,-0.24937837514128444,-0.20814293142081508,0.010661630855539984,0,True
Qwen3-VL-4B,image_representation,A2->A5,precision,5747,5747,0.019000392453615622,0.011612048170327705,0.02658000090326676,0.0038091352380129158,0,True
Qwen3-VL-4B,image_representation,A2->A5,sensitivity,5747,5747,-0.2610246717235776,-0.28321771804149987,-0.23950727875579017,0.011529853808938399,0,True
Qwen3-VL-4B,image_representation,A2->A5,specificity,5747,5747,0.10400615001900293,0.07260230731694858,0.13691235580228472,0.016171005779172423,0,True
Qwen3-VL-4B,image_representation,A2->A5,f1,5747,5747,-0.24804093182309467,-0.2691692554461235,-0.22785374882246012,0.010735071068664667,0,True
Qwen3-VL-4B,image_representation,A2->A5,balanced_accuracy,5747,5747,-0.07850926085228738,-0.09698361393252518,-0.06051262636430272,0.009438648621061297,0,True
Qwen3-VL-4B,image_representation,A4->A5,reliable_rate,5747,5747,-0.159735514181312,-0.1776408080345286,-0.14273513648837485,0.00885626135180857,0,True
Qwen3-VL-4B,image_representation,A4->A5,uncertain_rate,5747,5747,0.20515051331129286,0.1910627516513052,0.21895570768648803,0.007161590989335407,0,True
Qwen3-VL-4B,image_representation,A4->A5,unreliable_rate,5747,5747,-0.045414999129980815,-0.06906692447816265,-0.021876206995106257,0.01163209287883021,0,True
Qwen3-VL-4B,image_representation,A4->A5,coverage,5747,5747,-0.20515051331129286,-0.2189557076864881,-0.19106275165130512,0.007161590989335405,0,True
Qwen3-VL-4B,image_representation,A4->A5,accuracy,5747,5747,-0.10396246412930588,-0.12408715273388468,-0.0847171428496718,0.010034077975655052,0,True
Qwen3-VL-4B,image_representation,A4->A5,precision,5747,5747,0.015977176267148008,0.008908908069390617,0.022700186392748057,0.003524691545956763,0,True
Qwen3-VL-4B,image_representation,A4->A5,sensitivity,5747,5747,-0.11717870128147123,-0.139028578532588,-0.09579991236106675,0.01094029641818523,0,True
Qwen3-VL-4B,image_representation,A4->A5,specificity,5747,5747,0.06300970873786405,0.03923877536215437,0.08606850209447985,0.012088262497462848,0,True
Qwen3-VL-4B,image_representation,A4->A5,f1,5747,5747,-0.12224483629303667,-0.1449404131653146,-0.10034935095908855,0.011194279976127352,0,True
Qwen3-VL-4B,image_representation,A4->A5,balanced_accuracy,5747,5747,-0.02708449627180365,-0.042242285083771605,-0.012468708341474155,0.007730106071204421,0,True
Qwen3-VL-4B,mixed_image_and_metadata,A1->A4,reliable_rate,5747,5747,-0.010440229685053037,-0.024340010071118072,0.003641868105347901,0.007158991400184327,0,False
Qwen3-VL-4B,mixed_image_and_metadata,A1->A4,uncertain_rate,5747,5747,-0.06786149295284495,-0.0786419611828224,-0.05719206113585134,0.005444706274131693,0,True
Qwen3-VL-4B,mixed_image_and_metadata,A1->A4,unreliable_rate,5747,5747,0.07830172263789797,0.0623329948739785,0.09432543550287881,0.008285786326071957,0,True
Qwen3-VL-4B,mixed_image_and_metadata,A1->A4,coverage,5747,5747,0.06786149295284494,0.0571920611358514,0.07864196118282243,0.005444706274131692,0,True
Qwen3-VL-4B,mixed_image_and_metadata,A1->A4,accuracy,5747,5747,-0.0490597777901412,-0.06368145733955823,-0.03409027883694318,0.007724074179180093,0,True
Qwen3-VL-4B,mixed_image_and_metadata,A1->A4,precision,5747,5747,-0.005235381842585651,-0.011648048989933522,0.0015843860854268766,0.0033725611884311345,0,False
Qwen3-VL-4B,mixed_image_and_metadata,A1->A4,sensitivity,5747,5747,-0.05101588602956891,-0.06685803283432999,-0.03431955699375742,0.008544798793812905,0,True
Qwen3-VL-4B,mixed_image_and_metadata,A1->A4,specificity,5747,5747,-0.01501805054151617,-0.038645533359457994,0.009722418645746276,0.012492850297176452,0,False
Qwen3-VL-4B,mixed_image_and_metadata,A1->A4,f1,5747,5747,-0.048891692244007134,-0.06454154595981099,-0.0330930917810924,0.0081897428202527,0,True
Qwen3-VL-4B,mixed_image_and_metadata,A1->A4,balanced_accuracy,5747,5747,-0.03301696828554257,-0.047098850050894925,-0.018522610305452436,0.0073492557416678156,0,True
Qwen3-VL-4B,mixed_image_and_metadata,A1->A5,reliable_rate,5747,5747,-0.17017574386636503,-0.18677430759608374,-0.15368273699323687,0.008494269144958572,0,True
Qwen3-VL-4B,mixed_image_and_metadata,A1->A5,uncertain_rate,5747,5747,0.1372890203584479,0.12174190526331549,0.15309799476450392,0.008005047295026968,0,True
Qwen3-VL-4B,mixed_image_and_metadata,A1->A5,unreliable_rate,5747,5747,0.03288672350791716,0.011548173570940026,0.05423950915719653,0.010954489559943676,0,True
Qwen3-VL-4B,mixed_image_and_metadata,A1->A5,coverage,5747,5747,-0.13728902035844792,-0.153097994764504,-0.12174190526331548,0.00800504729502697,0,True
Qwen3-VL-4B,mixed_image_and_metadata,A1->A5,accuracy,5747,5747,-0.15302224191944708,-0.17283335708516945,-0.13257030919861076,0.010302341184518995,0,True
Qwen3-VL-4B,mixed_image_and_metadata,A1->A5,precision,5747,5747,0.010741794424562356,0.004212039566676892,0.017454321748906296,0.0033927633881705044,0,True
Qwen3-VL-4B,mixed_image_and_metadata,A1->A5,sensitivity,5747,5747,-0.16819458731104014,-0.18901466910369732,-0.14633367213617604,0.011124728555591793,0,True
Qwen3-VL-4B,mixed_image_and_metadata,A1->A5,specificity,5747,5747,0.047991658196347875,0.024861528085333078,0.07086083749764194,0.012096531835852015,0,True
Qwen3-VL-4B,mixed_image_and_metadata,A1->A5,f1,5747,5747,-0.1711365285370438,-0.19277473858644048,-0.14950700485135668,0.01115317950836474,0,True
Qwen3-VL-4B,mixed_image_and_metadata,A1->A5,balanced_accuracy,5747,5747,-0.06010146455734622,-0.07547957818322114,-0.04426221176698305,0.00798660534062842,0,True
Qwen3-VL-4B,mixed_image_and_metadata,A3->A4,reliable_rate,5747,5747,-0.10127022794501478,-0.11565067611888574,-0.08697018996390972,0.007262027337520163,0,True
Qwen3-VL-4B,mixed_image_and_metadata,A3->A4,uncertain_rate,5747,5747,-0.015312336871411175,-0.024178328287807485,-0.00603746966487089,0.0046257481859698175,0,True
Qwen3-VL-4B,mixed_image_and_metadata,A3->A4,unreliable_rate,5747,5747,0.11658256481642593,0.1012678738375344,0.1319961986315566,0.007812444487462413,0,True
Qwen3-VL-4B,mixed_image_and_metadata,A3->A4,coverage,5747,5747,0.015312336871411203,0.006037469664870942,0.024178328287807548,0.004625748185969816,0,True
Qwen3-VL-4B,mixed_image_and_metadata,A3->A4,accuracy,5747,5747,-0.1156544692217038,-0.1302936887682799,-0.10120610720637571,0.007526468303196582,0,True
Qwen3-VL-4B,mixed_image_and_metadata,A3->A4,precision,5747,5747,-0.0025130464292689725,-0.00805043881317409,0.0037099218684028454,0.003063887529871852,0,False
Qwen3-VL-4B,mixed_image_and_metadata,A3->A4,sensitivity,5747,5747,-0.12980086658674173,-0.1462211906287589,-0.11356570393570992,0.008375437183549344,0,True
Qwen3-VL-4B,mixed_image_and_metadata,A3->A4,specificity,5747,5747,0.010121317157712362,-0.012904952228654776,0.035024795573223716,0.012478373847684982,0,False
Qwen3-VL-4B,mixed_image_and_metadata,A3->A4,f1,5747,5747,-0.11595940390256487,-0.13108940217977638,-0.10115525960196643,0.007838362784667924,0,True
Qwen3-VL-4B,mixed_image_and_metadata,A3->A4,balanced_accuracy,5747,5747,-0.059839774714514626,-0.0735313739195841,-0.04524294923542564,0.007234825522974658,0,True
Qwen3-VL-4B,mixed_image_and_metadata,A3->A5,reliable_rate,5747,5747,-0.26100574212632677,-0.2793288847330839,-0.2432001853840785,0.009388996889138862,0,True
Qwen3-VL-4B,mixed_image_and_metadata,A3->A5,uncertain_rate,5747,5747,0.18983817643988166,0.17546966419728885,0.20486623783665583,0.0074422805659187154,0,True
Qwen3-VL-4B,mixed_image_and_metadata,A3->A5,unreliable_rate,5747,5747,0.07116756568644511,0.048924328373051565,0.0937633828527184,0.011430900118058796,0,True
Qwen3-VL-4B,mixed_image_and_metadata,A3->A5,coverage,5747,5747,-0.18983817643988166,-0.20486623783665583,-0.1754696641972888,0.007442280565918716,0,True
Qwen3-VL-4B,mixed_image_and_metadata,A3->A5,accuracy,5747,5747,-0.21961693335100968,-0.23955019315817566,-0.19948791621111878,0.0104211507586397,0,True
Qwen3-VL-4B,mixed_image_and_metadata,A3->A5,precision,5747,5747,0.013464129837879035,0.006882894562210811,0.02023015798785352,0.0034482903733642416,0,True
Qwen3-VL-4B,mixed_image_and_metadata,A3->A5,sensitivity,5747,5747,-0.24697956786821296,-0.26915485010602863,-0.2252833826698066,0.011347947784050884,0,True
Qwen3-VL-4B,mixed_image_and_metadata,A3->A5,specificity,5747,5747,0.07313102589557641,0.04598453376954141,0.10076832179583099,0.01402369146889935,0,True
Qwen3-VL-4B,mixed_image_and_metadata,A3->A5,f1,5747,5747,-0.23820424019560155,-0.2586443960648472,-0.21809487698469968,0.010678001027545401,0,True
Qwen3-VL-4B,mixed_image_and_metadata,A3->A5,balanced_accuracy,5747,5747,-0.08692427098631827,-0.10390558513418721,-0.07064180404612057,0.008449224430466529,0,True
InternVL3.5-8B,text_only,A1->A2,reliable_rate,5747,5747,0.0716895771706978,0.06363841597148856,0.08000017583963422,0.004239614123537486,0,True
InternVL3.5-8B,text_only,A1->A2,uncertain_rate,5747,5747,-0.05759526709587609,-0.06690400153905345,-0.04844041998823833,0.004697161471095622,0,True
InternVL3.5-8B,text_only,A1->A2,unreliable_rate,5747,5747,-0.014094310074821644,-0.01773141234850611,-0.010910956582273642,0.0017063851893250267,0,True
InternVL3.5-8B,text_only,A1->A2,coverage,5747,5747,0.057595267095876146,0.048440419988238385,0.0669040015390535,0.00469716147109562,0,True
InternVL3.5-8B,text_only,A1->A2,accuracy,5747,5747,0.018054689689899872,0.01278660581666415,0.02338594618655083,0.0027004245378883006,0,True
InternVL3.5-8B,text_only,A1->A2,precision,5747,5747,0.005819760303923394,0.0021956742549394505,0.009619787629397029,0.001897551937852902,0,True
InternVL3.5-8B,text_only,A1->A2,sensitivity,5747,5747,0.013546509188725353,0.009485972237533247,0.01813891581448069,0.002153504505725257,0,True
InternVL3.5-8B,text_only,A1->A2,specificity,5747,5747,-0.2597892888498683,-0.342748762908778,-0.1825796039326454,0.040895455567944786,0,True
InternVL3.5-8B,text_only,A1->A2,f1,5747,5747,0.009616052158952004,0.006787821193877825,0.012407907615393276,0.001426745714982658,0,True
InternVL3.5-8B,text_only,A1->A2,balanced_accuracy,5747,5747,-0.12312138983057141,-0.1641148765043827,-0.08456336195276395,0.02035342425830903,0,True
InternVL3.5-8B,text_only,A2->A3,reliable_rate,5747,5747,-0.013398294762484775,-0.019145717262309212,-0.007590638052540823,0.002958902698396901,0,True
InternVL3.5-8B,text_only,A2->A3,uncertain_rate,5747,5747,0.010266225856968847,0.0040678137517022135,0.016118473073598667,0.0030718346124505216,0,True
InternVL3.5-8B,text_only,A2->A3,unreliable_rate,5747,5747,0.0031320689055159214,0.0017780780808874061,0.004612290074254299,0.0007383242508196346,0,True
InternVL3.5-8B,text_only,A2->A3,coverage,5747,5747,-0.010266225856968902,-0.016118473073598726,-0.004067813751702329,0.0030718346124505185,0,True
InternVL3.5-8B,text_only,A2->A3,accuracy,5747,5747,0.0001995191044088518,-0.002654751390110835,0.003090765127878422,0.0014830689339779821,0,False
InternVL3.5-8B,text_only,A2->A3,precision,5747,5747,0.0015574753297312727,-0.0009473606160917108,0.0044169874388158975,0.001338224757552654,0,False
InternVL3.5-8B,text_only,A2->A3,sensitivity,5747,5747,-0.0015002913584087896,-0.0029943465442993145,-0.00031711444881877556,0.0006683534649968117,0,True
InternVL3.5-8B,text_only,A2->A3,specificity,5747,5747,0.1358758888170653,0.0744489868467828,0.20597510300220293,0.033734662973803724,0,True
InternVL3.5-8B,text_only,A2->A3,f1,5747,5747,5.892917753291815e-05,-0.0013982665145140295,0.0015595096241686533,0.0007624467229692956,0,False
InternVL3.5-8B,text_only,A2->A3,balanced_accuracy,5747,5747,0.06718779872932823,0.0366146949037749,0.1021060338356639,0.016874817479842145,0,True
InternVL3.5-8B,text_only,A1->A3,reliable_rate,5747,5747,0.05829128240821302,0.0499219483790899,0.06709041066633234,0.004379602087615897,0,True
InternVL3.5-8B,text_only,A1->A3,uncertain_rate,5747,5747,-0.04732904123890724,-0.05665661328207351,-0.038349674726396096,0.004744075032481395,0,True
InternVL3.5-8B,text_only,A1->A3,unreliable_rate,5747,5747,-0.010962241169305723,-0.014288233561384228,-0.008063160710750826,0.0015581503608853042,0,True
InternVL3.5-8B,text_only,A1->A3,coverage,5747,5747,0.04732904123890724,0.03834967472639609,0.05665661328207356,0.004744075032481395,0,True
InternVL3.5-8B,text_only,A1->A3,accuracy,5747,5747,0.018254208794308724,0.01315724825654386,0.023443439605000255,0.002644370358080974,0,True
InternVL3.5-8B,text_only,A1->A3,precision,5747,5747,0.007377235633654666,0.0035250682932123855,0.011111186776218553,0.001942786985445631,0,True
InternVL3.5-8B,text_only,A1->A3,sensitivity,5747,5747,0.012046217830316563,0.008363275605641715,0.01625877107010951,0.002002187455285501,0,True
InternVL3.5-8B,text_only,A1->A3,specificity,5747,5747,-0.12391340003280302,-0.19552150537634408,-0.053071314201386714,0.0371784317442871,0,True
InternVL3.5-8B,text_only,A1->A3,f1,5747,5747,0.009674981336484922,0.006972015481409161,0.012412538183847964,0.001397652759846061,0,True
InternVL3.5-8B,text_only,A1->A3,balanced_accuracy,5747,5747,-0.055933591101243185,-0.09209748286486537,-0.02090042364946553,0.01851710759728213,0,True
InternVL3.5-8B,image_representation,A2->A4,reliable_rate,5747,5747,-0.02679658952496955,-0.038954172125766066,-0.015551932919151443,0.005804033539297689,0,True
InternVL3.5-8B,image_representation,A2->A4,uncertain_rate,5747,5747,0.02784061249347486,0.01646856540786762,0.03975347733762572,0.005811741026162967,0,True
InternVL3.5-8B,image_representation,A2->A4,unreliable_rate,5747,5747,-0.0010440229685053071,-0.0020833333333333333,-0.00017220299487824342,0.000496670168470036,0,True
InternVL3.5-8B,image_representation,A2->A4,coverage,5747,5747,-0.027840612493474914,-0.03975347733762568,-0.016468565407867567,0.005811741026162969,0,True
InternVL3.5-8B,image_representation,A2->A4,accuracy,5747,5747,-0.003452085623711798,-0.00795093151604127,0.00093280895108774,0.002250801565157695,0,False
InternVL3.5-8B,image_representation,A2->A4,precision,5747,5747,-0.003992482424360899,-0.008446634342163589,0.00040624683234737497,0.002211810117537208,0,False
InternVL3.5-8B,image_representation,A2->A4,sensitivity,5747,5747,0.0005842827928717043,0.0,0.0015119557937836065,0.00043089129657067143,0,False
InternVL3.5-8B,image_representation,A2->A4,specificity,5747,5747,-0.050937297996121525,-0.10877557556411699,0.0004233003442340301,0.02800804831423352,0,False
InternVL3.5-8B,image_representation,A2->A4,f1,5747,5747,-0.0017586267297250435,-0.004071058082457788,0.0004848715257192071,0.0011558191253183464,0,False
InternVL3.5-8B,image_representation,A2->A4,balanced_accuracy,5747,5747,-0.02517650760162493,-0.05408289856944214,0.0005780820134249564,0.01400777372438234,0,False
InternVL3.5-8B,image_representation,A2->A5,reliable_rate,5747,5747,-0.3448755872629198,-0.36145344712441657,-0.3276831228584205,0.008707419725696379,0,True
InternVL3.5-8B,image_representation,A2->A5,uncertain_rate,5747,5747,0.3199930398468766,0.3038142965474273,0.33583675943092883,0.008389049014764385,0,True
InternVL3.5-8B,image_representation,A2->A5,unreliable_rate,5747,5747,0.024882547416043153,0.020073734663499387,0.029843344891325042,0.0024936102980635663,0,True
InternVL3.5-8B,image_representation,A2->A5,coverage,5747,5747,-0.31999303984687666,-0.33583675943092883,-0.3038142965474273,0.008389049014764385,0,True
InternVL3.5-8B,image_representation,A2->A5,accuracy,5747,5747,-0.08561411970789357,-0.10320298808892843,-0.06908909860622266,0.008748642055931111,0,True
InternVL3.5-8B,image_representation,A2->A5,precision,5747,5747,0.0025909997348032565,-0.005441329844221318,0.010445117331691173,0.004008389634540589,0,False
InternVL3.5-8B,image_representation,A2->A5,sensitivity,5747,5747,-0.09165762313260173,-0.10786051102979355,-0.07635479565114639,0.008159317180312814,0,True
InternVL3.5-8B,image_representation,A2->A5,specificity,5747,5747,-0.012132352941176469,-0.11628848429886718,0.10994738804612753,0.05792504523705395,0,False
InternVL3.5-8B,image_representation,A2->A5,f1,5747,5747,-0.045834922684193535,-0.05569278407471704,-0.036808965673902364,0.00487883509180487,0,True
InternVL3.5-8B,image_representation,A2->A5,balanced_accuracy,5747,5747,-0.05189498803688908,-0.10724249669790287,0.008433960078164791,0.029125606844458817,0,False
InternVL3.5-8B,image_representation,A4->A5,reliable_rate,5747,5747,-0.31807899773795023,-0.334295854004005,-0.3012932801717387,0.008369892260790735,0,True
InternVL3.5-8B,image_representation,A4->A5,uncertain_rate,5747,5747,0.29215242735340174,0.2754004963000108,0.3073074825677786,0.008090400393629033,0,True
InternVL3.5-8B,image_representation,A4->A5,unreliable_rate,5747,5747,0.025926570384548462,0.02128993666842974,0.030910635390432067,0.002437650227448133,0,True
InternVL3.5-8B,image_representation,A4->A5,coverage,5747,5747,-0.29215242735340174,-0.3073074825677786,-0.2754004963000108,0.008090400393629033,0,True
InternVL3.5-8B,image_representation,A4->A5,accuracy,5747,5747,-0.08216203408418177,-0.0998891561900021,-0.06569571168986812,0.008689766853567512,0,True
InternVL3.5-8B,image_representation,A4->A5,precision,5747,5747,0.006583482159164156,-0.0008937560920820486,0.01427672034551389,0.0039784712149449975,0,False
InternVL3.5-8B,image_representation,A4->A5,sensitivity,5747,5747,-0.09224190592547343,-0.10838102390139058,-0.07696962275659393,0.008130615782179983,0,True
InternVL3.5-8B,image_representation,A4->A5,specificity,5747,5747,0.038804945054945056,-0.054073023558317675,0.1595959595959596,0.0538342354973462,0,False
InternVL3.5-8B,image_representation,A4->A5,f1,5747,5747,-0.04407629595446849,-0.054073844100623825,-0.03505396505834556,0.004844230192710996,0,True
InternVL3.5-8B,image_representation,A4->A5,balanced_accuracy,5747,5747,-0.026718480435264147,-0.07432547509926216,0.03328107865592721,0.027148052605265757,0,False
InternVL3.5-8B,mixed_image_and_metadata,A1->A4,reliable_rate,5747,5747,0.044892987645728244,0.032961067345944006,0.05646586911160513,0.00620163413510066,0,True
InternVL3.5-8B,mixed_image_and_metadata,A1->A4,uncertain_rate,5747,5747,-0.02975465460240123,-0.041497232137922835,-0.0175007459635417,0.006273537600731125,0,True
InternVL3.5-8B,mixed_image_and_metadata,A1->A4,unreliable_rate,5747,5747,-0.015138333043326952,-0.018851608439986164,-0.011871807909350166,0.0017542021842586787,0,True
InternVL3.5-8B,mixed_image_and_metadata,A1->A4,coverage,5747,5747,0.02975465460240123,0.01750074596354175,0.04149723213792283,0.006273537600731125,0,True
InternVL3.5-8B,mixed_image_and_metadata,A1->A4,accuracy,5747,5747,0.014602604066188074,0.00875981576883475,0.020562786486352996,0.0030458870725921672,0,True
InternVL3.5-8B,mixed_image_and_metadata,A1->A4,precision,5747,5747,0.0018272778795624944,-0.0027237406303041445,0.006542373259250436,0.002355686186255805,0,False
InternVL3.5-8B,mixed_image_and_metadata,A1->A4,sensitivity,5747,5747,0.014130791981597057,0.010068092288292464,0.018831611149050683,0.0021949056492121554,0,True
InternVL3.5-8B,mixed_image_and_metadata,A1->A4,specificity,5747,5747,-0.31072658684598986,-0.3969808947391453,-0.22641667536000068,0.04267708875111899,0,True
InternVL3.5-8B,mixed_image_and_metadata,A1->A4,f1,5747,5747,0.00785742542922696,0.004812418829307238,0.010979449816167596,0.0015988423608817666,0,True
InternVL3.5-8B,mixed_image_and_metadata,A1->A4,balanced_accuracy,5747,5747,-0.14829789743219635,-0.1909614335907099,-0.10652680238595819,0.021239182941642388,0,True
InternVL3.5-8B,mixed_image_and_metadata,A1->A5,reliable_rate,5747,5747,-0.273186010092222,-0.28970979720374734,-0.2560752582788992,0.008750715824360456,0,True
InternVL3.5-8B,mixed_image_and_metadata,A1->A5,uncertain_rate,5747,5747,0.2623977727510005,0.24588713748558938,0.277640842621191,0.008336698533254847,0,True
InternVL3.5-8B,mixed_image_and_metadata,A1->A5,unreliable_rate,5747,5747,0.010788237341221509,0.004608573936620022,0.01699271443971982,0.0031275495910719118,0,True
InternVL3.5-8B,mixed_image_and_metadata,A1->A5,coverage,5747,5747,-0.2623977727510005,-0.27764084262119093,-0.24588713748558944,0.008336698533254845,0,True
InternVL3.5-8B,mixed_image_and_metadata,A1->A5,accuracy,5747,5747,-0.0675594300179937,-0.08570750223400818,-0.050480700503556276,0.009030695014897037,0,True
InternVL3.5-8B,mixed_image_and_metadata,A1->A5,precision,5747,5747,0.00841076003872665,0.00030218485197302245,0.0163754191689747,0.004065730441891927,0,True
InternVL3.5-8B,mixed_image_and_metadata,A1->A5,sensitivity,5747,5747,-0.07811111394387638,-0.09517938583769446,-0.06176844658100607,0.008559559719085232,0,True
InternVL3.5-8B,mixed_image_and_metadata,A1->A5,specificity,5747,5747,-0.2719216417910448,-0.39259712509712513,-0.1349126153576524,0.06580220034745766,0,True
InternVL3.5-8B,mixed_image_and_metadata,A1->A5,f1,5747,5747,-0.03621887052524153,-0.04642129847536628,-0.026803329162033127,0.0050304659860186405,0,True
InternVL3.5-8B,mixed_image_and_metadata,A1->A5,balanced_accuracy,5747,5747,-0.1750163778674605,-0.23514738287093515,-0.10788463699765696,0.0327910154192568,0,True
InternVL3.5-8B,mixed_image_and_metadata,A3->A4,reliable_rate,5747,5747,-0.013398294762484775,-0.02491916243808514,-0.002293922051619166,0.005666410153144563,0,True
InternVL3.5-8B,mixed_image_and_metadata,A3->A4,uncertain_rate,5747,5747,0.017574386636506012,0.006510738395311723,0.02921684915610395,0.005675501504773917,0,True
InternVL3.5-8B,mixed_image_and_metadata,A3->A4,unreliable_rate,5747,5747,-0.0041760918740212285,-0.0058902846521491645,-0.0026232833908877225,0.0008440108687349087,0,True
InternVL3.5-8B,mixed_image_and_metadata,A3->A4,coverage,5747,5747,-0.017574386636506012,-0.029216849156103952,-0.006510738395311783,0.005675501504773917,0,True
InternVL3.5-8B,mixed_image_and_metadata,A3->A4,accuracy,5747,5747,-0.00365160472812065,-0.008465122778244677,0.0009725209401586134,0.002401035362916748,0,False
InternVL3.5-8B,mixed_image_and_metadata,A3->A4,precision,5747,5747,-0.005549957754092172,-0.01021989103602545,-0.0011587577989318795,0.002271525864833827,0,True
InternVL3.5-8B,mixed_image_and_metadata,A3->A4,sensitivity,5747,5747,0.002084574151280494,0.0006166844477016681,0.003776245329025316,0.0007928474796243827,0,True
InternVL3.5-8B,mixed_image_and_metadata,A3->A4,specificity,5747,5747,-0.18681318681318682,-0.26339289674326266,-0.11170916724025344,0.039396567966308325,0,True
InternVL3.5-8B,mixed_image_and_metadata,A3->A4,f1,5747,5747,-0.0018175559072579617,-0.004301826459810346,0.0005760322950763257,0.0012353530029008237,0,False
InternVL3.5-8B,mixed_image_and_metadata,A3->A4,balanced_accuracy,5747,5747,-0.09236430633095316,-0.1303596501587321,-0.05481730562832287,0.019701786218608026,0,True
InternVL3.5-8B,mixed_image_and_metadata,A3->A5,reliable_rate,5747,5747,-0.331477292500435,-0.34738286889635867,-0.3145258790708634,0.008508977731021168,0,True
InternVL3.5-8B,mixed_image_and_metadata,A3->A5,uncertain_rate,5747,5747,0.30972681398990776,0.293436399887415,0.3249760299486056,0.00819701742647806,0,True
InternVL3.5-8B,mixed_image_and_metadata,A3->A5,unreliable_rate,5747,5747,0.021750478510527232,0.016693533270416578,0.026875109783945198,0.0025894695539784495,0,True
InternVL3.5-8B,mixed_image_and_metadata,A3->A5,coverage,5747,5747,-0.30972681398990776,-0.3249760299486056,-0.29343639988741504,0.00819701742647806,0,True
InternVL3.5-8B,mixed_image_and_metadata,A3->A5,accuracy,5747,5747,-0.08581363881230242,-0.10313265559858192,-0.06922008772163012,0.008677828682137114,0,True
InternVL3.5-8B,mixed_image_and_metadata,A3->A5,precision,5747,5747,0.0010335244050719838,-0.006462321167212781,0.008443602434675679,0.0039009874504114563,0,False
InternVL3.5-8B,mixed_image_and_metadata,A3->A5,sensitivity,5747,5747,-0.09015733177419294,-0.10625584906258367,-0.07470154362518935,0.008190861377909593,0,True
InternVL3.5-8B,mixed_image_and_metadata,A3->A5,specificity,5747,5747,-0.14800824175824176,-0.26930736250739207,-0.013118811160661622,0.06554035633154173,0,True
InternVL3.5-8B,mixed_image_and_metadata,A3->A5,f1,5747,5747,-0.045893851861726453,-0.055691133538493906,-0.03681954427418389,0.004842967801461445,0,True
InternVL3.5-8B,mixed_image_and_metadata,A3->A5,balanced_accuracy,5747,5747,-0.11908278676621731,-0.17953243947478922,-0.05165433400672282,0.032855088525563424,0,True
GLM-4.6V-Flash,text_only,A1->A2,reliable_rate,5747,5747,0.011136244997389855,0.0051849291393017945,0.016725929187883237,0.0029588261474131294,0,True
GLM-4.6V-Flash,text_only,A1->A2,uncertain_rate,5747,5747,0.001218026796589524,-0.0012418394025238595,0.003681636464464488,0.001294553224732298,0,False
GLM-4.6V-Flash,text_only,A1->A2,unreliable_rate,5747,5747,-0.012354271793979466,-0.017966154404788447,-0.006744721665454561,0.0028528221252074413,0,True
GLM-4.6V-Flash,text_only,A1->A2,coverage,5747,5747,-0.0012180267965895553,-0.00368163646446453,0.001241839402523889,0.0012945532247322978,0,False
GLM-4.6V-Flash,text_only,A1->A2,accuracy,5747,5747,0.016487109887021623,0.01103918311727003,0.02211429770748265,0.002859757157647157,0,True
GLM-4.6V-Flash,text_only,A1->A2,precision,5747,5747,0.005212034961745937,0.0018958809644495811,0.008848388277046449,0.001797495380385522,0,True
GLM-4.6V-Flash,text_only,A1->A2,sensitivity,5747,5747,0.015785319652723007,0.010063128734134702,0.02156881534880467,0.0029264752607823558,0,True
GLM-4.6V-Flash,text_only,A1->A2,specificity,5747,5747,0.021858817395038255,0.002481579978402937,0.043990266884592205,0.010618982486033662,0,True
GLM-4.6V-Flash,text_only,A1->A2,f1,5747,5747,0.012311816776915396,0.008160154668481065,0.016589623227308746,0.002123039914467435,0,True
GLM-4.6V-Flash,text_only,A1->A2,balanced_accuracy,5747,5747,0.018822068523880686,0.008491877830237273,0.03004193085945784,0.005511569186288159,0,True
GLM-4.6V-Flash,text_only,A2->A3,reliable_rate,5747,5747,-0.015138333043326901,-0.020098839660913352,-0.01020556981853647,0.0025667082949219888,0,True
GLM-4.6V-Flash,text_only,A2->A3,uncertain_rate,5747,5747,0.007482164607621369,0.004956833686191485,0.01023532571618493,0.0013175816893859786,0,True
GLM-4.6V-Flash,text_only,A2->A3,unreliable_rate,5747,5747,0.0076561684357056015,0.002589837190099807,0.012588561490792613,0.0026420320342523712,0,True
GLM-4.6V-Flash,text_only,A2->A3,coverage,5747,5747,-0.007482164607621411,-0.01023532571618489,-0.004956833686191536,0.0013175816893859777,0,True
GLM-4.6V-Flash,text_only,A2->A3,accuracy,5747,5747,0.0014638315194811513,-0.0036588223173128847,0.006929105580015232,0.0026552507328213262,0,False
GLM-4.6V-Flash,text_only,A2->A3,precision,5747,5747,0.009036925274038765,0.0058067802325906855,0.012661844621303459,0.0017512207593466899,0,True
GLM-4.6V-Flash,text_only,A2->A3,sensitivity,5747,5747,-0.0052375853601503986,-0.010473344875916026,-2.8997299964320314e-05,0.0026560023753366114,0,True
GLM-4.6V-Flash,text_only,A2->A3,specificity,5747,5747,0.05640429215718268,0.037614372324919876,0.07708772829088253,0.010329658480985536,0,True
GLM-4.6V-Flash,text_only,A2->A3,f1,5747,5747,-0.00018947575768701874,-0.00390637654653698,0.0037114193911530102,0.0019355078647537924,0,False
GLM-4.6V-Flash,text_only,A2->A3,balanced_accuracy,5747,5747,0.02558335339851614,0.015790149926475112,0.0364710180316141,0.005363522567310734,0,True
GLM-4.6V-Flash,text_only,A1->A3,reliable_rate,5747,5747,-0.004002088045937047,-0.01033822647622645,0.0021486701232704655,0.003192772035303882,0,False
GLM-4.6V-Flash,text_only,A1->A3,uncertain_rate,5747,5747,0.008700191404210893,0.005696995427556878,0.011828220046530063,0.0015769399375958112,0,True
GLM-4.6V-Flash,text_only,A1->A3,unreliable_rate,5747,5747,-0.004698103358273864,-0.011073577311705187,0.0015952711149388172,0.003129353938058901,0,False
GLM-4.6V-Flash,text_only,A1->A3,coverage,5747,5747,-0.008700191404210966,-0.011828220046530067,-0.00569699542755685,0.0015769399375958116,0,True
GLM-4.6V-Flash,text_only,A1->A3,accuracy,5747,5747,0.017950941406502774,0.01181923983274579,0.024336193964270805,0.0032032585654338296,0,True
GLM-4.6V-Flash,text_only,A1->A3,precision,5747,5747,0.014248960235784702,0.009778128533390312,0.019288416610165875,0.0024271312955926817,0,True
GLM-4.6V-Flash,text_only,A1->A3,sensitivity,5747,5747,0.010547734292572608,0.004485431842319043,0.016747639410253513,0.003106771488789637,0,True
GLM-4.6V-Flash,text_only,A1->A3,specificity,5747,5747,0.07826310955222093,0.05263599961493674,0.1060454262460553,0.013742787666428412,0,True
GLM-4.6V-Flash,text_only,A1->A3,f1,5747,5747,0.012122341019228378,0.007609029561430547,0.016802849411016573,0.002330543423785233,0,True
GLM-4.6V-Flash,text_only,A1->A3,balanced_accuracy,5747,5747,0.044405421922396826,0.030896651982952765,0.05891194301310803,0.0070924284318628185,0,True
GLM-4.6V-Flash,image_representation,A2->A4,reliable_rate,5747,5747,0.030798677570906596,0.016745179341131854,0.045184355540215757,0.007205703256893467,0,True
GLM-4.6V-Flash,image_representation,A2->A4,uncertain_rate,5747,5747,0.0012180267965895258,-0.0022488571714659573,0.004531970845803408,0.0017774639266819091,0,False
GLM-4.6V-Flash,image_representation,A2->A4,unreliable_rate,5747,5747,-0.032016704367496096,-0.046687258101392556,-0.0182778177374867,0.007272173484604079,0,True
GLM-4.6V-Flash,image_representation,A2->A4,coverage,5747,5747,-0.0012180267965895553,-0.004531970845803482,0.0022488571714658983,0.0017774639266819093,0,False
GLM-4.6V-Flash,image_representation,A2->A4,accuracy,5747,5747,0.036763516633180005,0.023541284270637966,0.049799928669115555,0.006857769117806481,0,True
GLM-4.6V-Flash,image_representation,A2->A4,precision,5747,5747,0.005898397135510547,0.0005264924399109472,0.011972244257595181,0.002905107574935544,0,True
GLM-4.6V-Flash,image_representation,A2->A4,sensitivity,5747,5747,0.038570112608391605,0.023938575219002386,0.05368911296289272,0.007589709657748129,0,True
GLM-4.6V-Flash,image_representation,A2->A4,specificity,5747,5747,0.02202650014756824,-0.013042023321688126,0.06103128683482111,0.01878857511729521,0,False
GLM-4.6V-Flash,image_representation,A2->A4,f1,5747,5747,0.02699556070786524,0.01727983715187092,0.03677999709933542,0.00506330093343925,0,True
GLM-4.6V-Flash,image_representation,A2->A4,balanced_accuracy,5747,5747,0.03029830637797981,0.012086750958209195,0.05076483718687474,0.009754904475924791,0,True
GLM-4.6V-Flash,image_representation,A2->A5,reliable_rate,5747,5747,-0.2818862014964329,-0.29730266112990306,-0.26470015835561045,0.008454989730673093,0,True
GLM-4.6V-Flash,image_representation,A2->A5,uncertain_rate,5747,5747,0.1783539237863233,0.16686725852084813,0.19029801335124108,0.005964170602212096,0,True
GLM-4.6V-Flash,image_representation,A2->A5,unreliable_rate,5747,5747,0.10353227771010964,0.08491446524516769,0.12068490120665884,0.009159552859466862,0,True
GLM-4.6V-Flash,image_representation,A2->A5,coverage,5747,5747,-0.1783539237863233,-0.19029801335124108,-0.16686725852084816,0.005964170602212095,0,True
GLM-4.6V-Flash,image_representation,A2->A5,accuracy,5747,5747,-0.17524906899338266,-0.1922801173431923,-0.15687565836190068,0.009029444978888738,0,True
GLM-4.6V-Flash,image_representation,A2->A5,precision,5747,5747,0.03668686433174473,0.02847072336683667,0.044624836214825436,0.0040898775274284946,0,True
GLM-4.6V-Flash,image_representation,A2->A5,sensitivity,5747,5747,-0.21117885296776512,-0.22934038962570377,-0.19102037469389205,0.009696589155711066,0,True
GLM-4.6V-Flash,image_representation,A2->A5,specificity,5747,5747,0.22770962819927076,0.18444659350901424,0.26949527504405885,0.021653847409518725,0,True
GLM-4.6V-Flash,image_representation,A2->A5,f1,5747,5747,-0.15029218122806176,-0.1653295526912863,-0.1340578977226223,0.007998864692768342,0,True
GLM-4.6V-Flash,image_representation,A2->A5,balanced_accuracy,5747,5747,0.008265387615752795,-0.015264608321943929,0.029832901759620688,0.011584667243144785,0,False
GLM-4.6V-Flash,image_representation,A4->A5,reliable_rate,5747,5747,-0.3126848790673395,-0.32876527124367044,-0.29558421538247276,0.008628019617204871,0,True
GLM-4.6V-Flash,image_representation,A4->A5,uncertain_rate,5747,5747,0.17713589698973378,0.1661668661931482,0.18876634089436498,0.005792188747582369,0,True
GLM-4.6V-Flash,image_representation,A4->A5,unreliable_rate,5747,5747,0.13554898207760574,0.11788419097804191,0.15299027509197968,0.009170758350931193,0,True
GLM-4.6V-Flash,image_representation,A4->A5,coverage,5747,5747,-0.17713589698973375,-0.18876634089436503,-0.16616686619314816,0.0057921887475823695,0,True
GLM-4.6V-Flash,image_representation,A4->A5,accuracy,5747,5747,-0.21201258562656267,-0.23000432451855743,-0.19434127599674952,0.009184455831662525,0,True
GLM-4.6V-Flash,image_representation,A4->A5,precision,5747,5747,0.03078846719623418,0.02277486609054098,0.03870731440593889,0.0040862877667000195,0,True
GLM-4.6V-Flash,image_representation,A4->A5,sensitivity,5747,5747,-0.24974896557615672,-0.2689401568573748,-0.23043098109308627,0.009778862112382936,0,True
GLM-4.6V-Flash,image_representation,A4->A5,specificity,5747,5747,0.20568312805170252,0.16003587979424536,0.24811636559915326,0.023027089556638885,0,True
GLM-4.6V-Flash,image_representation,A4->A5,f1,5747,5747,-0.177287741935927,-0.19232723550778055,-0.16196711794780086,0.007888663240902658,0,True
GLM-4.6V-Flash,image_representation,A4->A5,balanced_accuracy,5747,5747,-0.022032918762227016,-0.04538732222090157,0.001125052761326033,0.012127399662976353,0,False
GLM-4.6V-Flash,mixed_image_and_metadata,A1->A4,reliable_rate,5747,5747,0.04193492256829645,0.02744199808420137,0.057071963475486175,0.0074440737482238265,0,True
GLM-4.6V-Flash,mixed_image_and_metadata,A1->A4,uncertain_rate,5747,5747,0.00243605359317905,-0.0010612050015133124,0.006119034653870718,0.0018494277532903314,0,False
GLM-4.6V-Flash,mixed_image_and_metadata,A1->A4,unreliable_rate,5747,5747,-0.04437097616147556,-0.059645948998343745,-0.02978743021664393,0.00753181480624134,0,True
GLM-4.6V-Flash,mixed_image_and_metadata,A1->A4,coverage,5747,5747,-0.0024360535931791105,-0.006119034653870747,0.0010612050015133766,0.001849427753290331,0,False
GLM-4.6V-Flash,mixed_image_and_metadata,A1->A4,accuracy,5747,5747,0.05325062652020163,0.03973841790635116,0.06703138809363354,0.007045328394495414,0,True
GLM-4.6V-Flash,mixed_image_and_metadata,A1->A4,precision,5747,5747,0.011110432097256484,0.00510944948164419,0.01771179279571608,0.003263945233721742,0,True
GLM-4.6V-Flash,mixed_image_and_metadata,A1->A4,sensitivity,5747,5747,0.05435543226111461,0.039494207160272396,0.0696336714647265,0.007761545600665176,0,True
GLM-4.6V-Flash,mixed_image_and_metadata,A1->A4,specificity,5747,5747,0.043885317542606495,0.004940939157044197,0.08611595365178427,0.020767764402531672,0,True
GLM-4.6V-Flash,mixed_image_and_metadata,A1->A4,f1,5747,5747,0.03930737748478064,0.029225977521583568,0.04934858767334904,0.005241764994272967,0,True
GLM-4.6V-Flash,mixed_image_and_metadata,A1->A4,balanced_accuracy,5747,5747,0.0491203749018605,0.028570867278717833,0.07056994889612354,0.01069098644878319,0,True
GLM-4.6V-Flash,mixed_image_and_metadata,A1->A5,reliable_rate,5747,5747,-0.27074995649904304,-0.2868731404109194,-0.2535720559845131,0.008522299952641109,0,True
GLM-4.6V-Flash,mixed_image_and_metadata,A1->A5,uncertain_rate,5747,5747,0.17957195058291284,0.1681703212602676,0.19149555878870264,0.0059702004035495585,0,True
GLM-4.6V-Flash,mixed_image_and_metadata,A1->A5,unreliable_rate,5747,5747,0.09117800591613018,0.07280067576638759,0.1093890610950001,0.00929671054981354,0,True
GLM-4.6V-Flash,mixed_image_and_metadata,A1->A5,coverage,5747,5747,-0.17957195058291286,-0.1914955587887026,-0.16817032126026762,0.005970200403549559,0,True
GLM-4.6V-Flash,mixed_image_and_metadata,A1->A5,accuracy,5747,5747,-0.15876195910636104,-0.17604304483074387,-0.14029103183204955,0.009025029771269602,0,True
GLM-4.6V-Flash,mixed_image_and_metadata,A1->A5,precision,5747,5747,0.041898899293490666,0.0336711352986105,0.05036041457319684,0.004248028213813074,0,True
GLM-4.6V-Flash,mixed_image_and_metadata,A1->A5,sensitivity,5747,5747,-0.1953935333150421,-0.21365261670803323,-0.1755998861918952,0.009758186254003876,0,True
GLM-4.6V-Flash,mixed_image_and_metadata,A1->A5,specificity,5747,5747,0.24956844559430902,0.20746522104162815,0.2909133319431451,0.021498877153646605,0,True
GLM-4.6V-Flash,mixed_image_and_metadata,A1->A5,f1,5747,5747,-0.13798036445114636,-0.1529502582343079,-0.12156787638702043,0.007998429073993913,0,True
GLM-4.6V-Flash,mixed_image_and_metadata,A1->A5,balanced_accuracy,5747,5747,0.02708745613963348,0.00433698814160271,0.048641577597579144,0.011361910245172725,0,True
GLM-4.6V-Flash,mixed_image_and_metadata,A3->A4,reliable_rate,5747,5747,0.0459370106142335,0.032736676672381476,0.05935014740397931,0.006842523074400967,0,True
GLM-4.6V-Flash,mixed_image_and_metadata,A3->A4,uncertain_rate,5747,5747,-0.006264137811031844,-0.010234812279352004,-0.002407504597978411,0.002008259272637217,0,True
GLM-4.6V-Flash,mixed_image_and_metadata,A3->A4,unreliable_rate,5747,5747,-0.0396728728032017,-0.053309714187407556,-0.026884318440434145,0.006832982332119634,0,True
GLM-4.6V-Flash,mixed_image_and_metadata,A3->A4,coverage,5747,5747,0.006264137811031856,0.0024075045979784827,0.01023481227935197,0.002008259272637216,0,True
GLM-4.6V-Flash,mixed_image_and_metadata,A3->A4,accuracy,5747,5747,0.03529968511369885,0.0223392545193924,0.04795793788365584,0.006449896241341815,0,True
GLM-4.6V-Flash,mixed_image_and_metadata,A3->A4,precision,5747,5747,-0.003138528138528218,-0.008530505402481023,0.0024880873505343146,0.002835412084516384,0,False
GLM-4.6V-Flash,mixed_image_and_metadata,A3->A4,sensitivity,5747,5747,0.043807697968542,0.030202142950127388,0.05812212778343552,0.007128939212198281,0,True
GLM-4.6V-Flash,mixed_image_and_metadata,A3->A4,specificity,5747,5747,-0.03437779200961444,-0.06972344992263886,0.0011997383133541802,0.01810099019888713,0,False
GLM-4.6V-Flash,mixed_image_and_metadata,A3->A4,f1,5747,5747,0.02718503646555226,0.017775847250965864,0.036619953923548144,0.004770323062682031,0,True
GLM-4.6V-Flash,mixed_image_and_metadata,A3->A4,balanced_accuracy,5747,5747,0.004714952979463671,-0.013023514543423945,0.023229089004261766,0.009351895084094787,0,False
GLM-4.6V-Flash,mixed_image_and_metadata,A3->A5,reliable_rate,5747,5747,-0.266747868453106,-0.28265328460631184,-0.24952831354139324,0.008321732883256175,0,True
GLM-4.6V-Flash,mixed_image_and_metadata,A3->A5,uncertain_rate,5747,5747,0.17087175917870193,0.15896665354037706,0.18316418651380945,0.006008922134921079,0,True
GLM-4.6V-Flash,mixed_image_and_metadata,A3->A5,unreliable_rate,5747,5747,0.09587610927440404,0.07728322787418374,0.11329922491135229,0.009188973196558922,0,True
GLM-4.6V-Flash,mixed_image_and_metadata,A3->A5,coverage,5747,5747,-0.1708717591787019,-0.18316418651380945,-0.15896665354037706,0.0060089221349210785,0,True
GLM-4.6V-Flash,mixed_image_and_metadata,A3->A5,accuracy,5747,5747,-0.1767129005128638,-0.1934920528147601,-0.15851796405375287,0.008950951117977094,0,True
GLM-4.6V-Flash,mixed_image_and_metadata,A3->A5,precision,5747,5747,0.027649939057705963,0.02000167747877275,0.03505613539546303,0.0038874209254416725,0,True
GLM-4.6V-Flash,mixed_image_and_metadata,A3->A5,sensitivity,5747,5747,-0.20594126760761472,-0.22394766337048713,-0.1861536405693385,0.009648297874119933,0,True
GLM-4.6V-Flash,mixed_image_and_metadata,A3->A5,specificity,5747,5747,0.17130533604208809,0.12817830506255976,0.2124940000696311,0.021306889899338072,0,True
GLM-4.6V-Flash,mixed_image_and_metadata,A3->A5,f1,5747,5747,-0.15010270547037474,-0.1651080911060975,-0.13391053327133984,0.007964987068615755,0,True
GLM-4.6V-Flash,mixed_image_and_metadata,A3->A5,balanced_accuracy,5747,5747,-0.017317965782763345,-0.04036809025838667,0.0037257546306902574,0.011371434845345502,0,False
Phi-4-multimodal,text_only,A1->A2,reliable_rate,5747,5747,0.0046981033582739196,-0.00035403587726591523,0.00985665536044467,0.002651471147504872,0,False
Phi-4-multimodal,text_only,A1->A2,uncertain_rate,5747,5747,0.0,0.0,0.0,0.0,0,False
Phi-4-multimodal,text_only,A1->A2,unreliable_rate,5747,5747,-0.004698103358273892,-0.009856655360444694,0.00035403587726596836,0.0026514711475048723,0,False
Phi-4-multimodal,text_only,A1->A2,coverage,5747,5747,0.0,0.0,0.0,0.0,0,False
Phi-4-multimodal,text_only,A1->A2,accuracy,5747,5747,0.009222202888463649,0.004070500762205812,0.014714439404610619,0.0027008123045963147,0,True
Phi-4-multimodal,text_only,A1->A2,precision,5747,5747,0.003106005966822978,0.000733811621912936,0.0056055451773219574,0.001242302556676323,0,True
Phi-4-multimodal,text_only,A1->A2,sensitivity,5747,5747,0.00782932080642007,0.0027303500222339017,0.01323713406885073,0.0027172576597072826,0,True
Phi-4-multimodal,text_only,A1->A2,specificity,5747,5747,0.020376175548589337,0.0,0.040881882378903216,0.010419261561882715,0,False
Phi-4-multimodal,text_only,A1->A2,f1,5747,5747,0.0055199531674270386,0.0023461564350306025,0.008927967443512794,0.0016447064952145446,0,True
Phi-4-multimodal,text_only,A1->A2,balanced_accuracy,5747,5747,0.014102748177504676,0.003920286063127709,0.024877714323694976,0.005408600570452116,0,True
Phi-4-multimodal,text_only,A2->A3,reliable_rate,5747,5747,-0.1531233687141117,-0.16557793887134867,-0.140534030053751,0.006669623880797237,0,True
Phi-4-multimodal,text_only,A2->A3,uncertain_rate,5747,5747,0.0,0.0,0.0,0.0,0,False
Phi-4-multimodal,text_only,A2->A3,unreliable_rate,5747,5747,0.15312336871411172,0.14053403005375092,0.1655779388713487,0.006669623880797237,0,True
Phi-4-multimodal,text_only,A2->A3,coverage,5747,5747,0.0,0.0,0.0,0.0,0,False
Phi-4-multimodal,text_only,A2->A3,accuracy,5747,5747,-0.10057421263267796,-0.1136587565092948,-0.08833970988702347,0.006441009264159683,0,True
Phi-4-multimodal,text_only,A2->A3,precision,5747,5747,0.016955048445203014,0.011575843338271635,0.022570202595235424,0.002780382307112767,0,True
Phi-4-multimodal,text_only,A2->A3,sensitivity,5747,5747,-0.14268937169700524,-0.15612731090419876,-0.130137488090992,0.006763887702732739,0,True
Phi-4-multimodal,text_only,A2->A3,specificity,5747,5747,0.23667711598746083,0.2,0.274481439460057,0.019559010434754283,0,True
Phi-4-multimodal,text_only,A2->A3,f1,5747,5747,-0.07213504390404935,-0.08175367707285462,-0.06343258006217514,0.004657925519768832,0,True
Phi-4-multimodal,text_only,A2->A3,balanced_accuracy,5747,5747,0.04699387214522788,0.027704162217140303,0.06594754892933304,0.0099740257616204,0,True
Phi-4-multimodal,text_only,A1->A3,reliable_rate,5747,5747,-0.14842526535583778,-0.16123420582505918,-0.13572166053149112,0.006649658574820275,0,True
Phi-4-multimodal,text_only,A1->A3,uncertain_rate,5747,5747,0.0,0.0,0.0,0.0,0,False
Phi-4-multimodal,text_only,A1->A3,unreliable_rate,5747,5747,0.14842526535583783,0.1357216605314911,0.16123420582505912,0.006649658574820274,0,True
Phi-4-multimodal,text_only,A1->A3,coverage,5747,5747,0.0,0.0,0.0,0.0,0,False
Phi-4-multimodal,text_only,A1->A3,accuracy,5747,5747,-0.09135200974421431,-0.10407711098094065,-0.07961115094551825,0.006358333012097163,0,True
Phi-4-multimodal,text_only,A1->A3,precision,5747,5747,0.02006105441202599,0.014662333043629575,0.025348147916126353,0.0027437072775868014,0,True
Phi-4-multimodal,text_only,A1->A3,sensitivity,5747,5747,-0.13486005089058517,-0.14816975141661207,-0.12263400468250361,0.006700320141776994,0,True
Phi-4-multimodal,text_only,A1->A3,specificity,5747,5747,0.25705329153605017,0.21831944821172547,0.2928585489313835,0.0189060794983968,0,True
Phi-4-multimodal,text_only,A1->A3,f1,5747,5747,-0.0666150907366223,-0.0761464656481196,-0.05838338613149835,0.00456673963141522,0,True
Phi-4-multimodal,text_only,A1->A3,balanced_accuracy,5747,5747,0.06109662032273255,0.04194717163679068,0.07988351345591557,0.009547385796628956,0,True
Phi-4-multimodal,image_representation,A2->A4,reliable_rate,5747,5747,-0.26639986079693756,-0.27988595470198363,-0.2520664635247107,0.007059536336544796,0,True
Phi-4-multimodal,image_representation,A2->A4,uncertain_rate,5747,5747,0.0,0.0,0.0,0.0,0,False
Phi-4-multimodal,image_representation,A2->A4,unreliable_rate,5747,5747,0.26639986079693756,0.25206646352471074,0.27988595470198363,0.007059536336544797,0,True
Phi-4-multimodal,image_representation,A2->A4,coverage,5747,5747,0.0,0.0,0.0,0.0,0,False
Phi-4-multimodal,image_representation,A2->A4,accuracy,5747,5747,-0.1376370280146164,-0.15409669765984016,-0.12177140356375997,0.008128595951585719,0,True
Phi-4-multimodal,image_representation,A2->A4,precision,5747,5747,0.06583733655715795,0.057760763391773794,0.0743141762533759,0.004294513488249497,0,True
Phi-4-multimodal,image_representation,A2->A4,sensitivity,5747,5747,-0.22724603640634178,-0.24067180601489846,-0.2132877765361548,0.007112041033190596,0,True
Phi-4-multimodal,image_representation,A2->A4,specificity,5747,5747,0.5799373040752351,0.5323074669056812,0.625585023400936,0.02349597003012044,0,True
Phi-4-multimodal,image_representation,A2->A4,f1,5747,5747,-0.1100283772407421,-0.12133846519006806,-0.09909352548133686,0.005631345204677436,0,True
Phi-4-multimodal,image_representation,A2->A4,balanced_accuracy,5747,5747,0.17634563383444668,0.1521829474775716,0.19955304156686446,0.012000772253181654,0,True
Phi-4-multimodal,image_representation,A2->A5,reliable_rate,5747,5747,-0.1482512615277537,-0.16165041671147243,-0.13452797293324842,0.006835740898126787,0,True
Phi-4-multimodal,image_representation,A2->A5,uncertain_rate,5747,5747,0.0,0.0,0.0,0.0,0,False
Phi-4-multimodal,image_representation,A2->A5,unreliable_rate,5747,5747,0.14825126152775361,0.13452797293324847,0.16165041671147243,0.006835740898126786,0,True
Phi-4-multimodal,image_representation,A2->A5,coverage,5747,5747,0.0,0.0,0.0,0.0,0,False
Phi-4-multimodal,image_representation,A2->A5,accuracy,5747,5747,-0.05533321733078134,-0.06853239980540628,-0.04075714526931006,0.0069680645853463985,0,True
Phi-4-multimodal,image_representation,A2->A5,precision,5747,5747,0.04534463441586356,0.037999942844000045,0.05265314134893668,0.0038479183087169137,0,True
Phi-4-multimodal,image_representation,A2->A5,sensitivity,5747,5747,-0.1145038167938931,-0.12698855958803618,-0.1006308912782966,0.0065722414705087035,0,True
Phi-4-multimodal,image_representation,A2->A5,specificity,5747,5747,0.4184952978056426,0.36431459914959063,0.4694849632714564,0.026611300822281754,0,True
Phi-4-multimodal,image_representation,A2->A5,f1,5747,5747,-0.04356250422855712,-0.051906862000807956,-0.03471715222427956,0.004366640320920249,0,True
Phi-4-multimodal,image_representation,A2->A5,balanced_accuracy,5747,5747,0.15199574050587472,0.12582783231099756,0.1777270731293767,0.013362893822805172,0,True
Phi-4-multimodal,image_representation,A4->A5,reliable_rate,5747,5747,0.11814859926918386,0.10717054701406241,0.1290715472790103,0.0056315411987180024,0,True
Phi-4-multimodal,image_representation,A4->A5,uncertain_rate,5747,5747,0.0,0.0,0.0,0.0,0,False
Phi-4-multimodal,image_representation,A4->A5,unreliable_rate,5747,5747,-0.11814859926918392,-0.12907154727901043,-0.10717054701406237,0.005631541198718003,0,True
Phi-4-multimodal,image_representation,A4->A5,coverage,5747,5747,0.0,0.0,0.0,0.0,0,False
Phi-4-multimodal,image_representation,A4->A5,accuracy,5747,5747,0.08230381068383508,0.07107036007586652,0.09338477338847917,0.005825433198291379,0,True
Phi-4-multimodal,image_representation,A4->A5,precision,5747,5747,-0.020492702141294394,-0.026002206829775536,-0.015212707135106467,0.0027962362395159827,0,True
Phi-4-multimodal,image_representation,A4->A5,sensitivity,5747,5747,0.11274221961244868,0.10098185579899975,0.12451344028885836,0.005980455170613135,0,True
Phi-4-multimodal,image_representation,A4->A5,specificity,5747,5747,-0.1614420062695925,-0.1936051459476656,-0.1299266953646516,0.016323102614206008,0,True
Phi-4-multimodal,image_representation,A4->A5,f1,5747,5747,0.06646587301218498,0.05784313077350882,0.07532746660328425,0.0044640301733610485,0,True
Phi-4-multimodal,image_representation,A4->A5,balanced_accuracy,5747,5747,-0.02434989332857196,-0.04159996572896447,-0.007611370923530812,0.008664974949231937,0,True
Phi-4-multimodal,mixed_image_and_metadata,A1->A4,reliable_rate,5747,5747,-0.26170175743866364,-0.2751467387843539,-0.24745906669079482,0.007110415568720069,0,True
Phi-4-multimodal,mixed_image_and_metadata,A1->A4,uncertain_rate,5747,5747,0.0,0.0,0.0,0.0,0,False
Phi-4-multimodal,mixed_image_and_metadata,A1->A4,unreliable_rate,5747,5747,0.26170175743866364,0.2474590666907948,0.2751467387843539,0.007110415568720067,0,True
Phi-4-multimodal,mixed_image_and_metadata,A1->A4,coverage,5747,5747,0.0,0.0,0.0,0.0,0,False
Phi-4-multimodal,mixed_image_and_metadata,A1->A4,accuracy,5747,5747,-0.12841482512615277,-0.14459784300738499,-0.1122319875587565,0.008269211342708228,0,True
Phi-4-multimodal,mixed_image_and_metadata,A1->A4,precision,5747,5747,0.06894334252398093,0.060803021079033515,0.0775128524866586,0.004304504148332327,0,True
Phi-4-multimodal,mixed_image_and_metadata,A1->A4,sensitivity,5747,5747,-0.2194167155999217,-0.23300435018324747,-0.2051504122092119,0.0072386957806248745,0,True
Phi-4-multimodal,mixed_image_and_metadata,A1->A4,specificity,5747,5747,0.6003134796238244,0.5541396128952596,0.6449082652861079,0.02271295179198359,0,True
Phi-4-multimodal,mixed_image_and_metadata,A1->A4,f1,5747,5747,-0.10450842407331506,-0.11553819562711212,-0.0934083045031823,0.005681835098455626,0,True
Phi-4-multimodal,mixed_image_and_metadata,A1->A4,balanced_accuracy,5747,5747,0.19044838201195136,0.16745544136639282,0.21348437569898596,0.011618785483324142,0,True
Phi-4-multimodal,mixed_image_and_metadata,A1->A5,reliable_rate,5747,5747,-0.14355315816947978,-0.15712532295519016,-0.12950647532376625,0.007021525700973722,0,True
Phi-4-multimodal,mixed_image_and_metadata,A1->A5,uncertain_rate,5747,5747,0.0,0.0,0.0,0.0,0,False
Phi-4-multimodal,mixed_image_and_metadata,A1->A5,unreliable_rate,5747,5747,0.14355315816947972,0.1295064753237662,0.15712532295519005,0.007021525700973719,0,True
Phi-4-multimodal,mixed_image_and_metadata,A1->A5,coverage,5747,5747,0.0,0.0,0.0,0.0,0,False
Phi-4-multimodal,mixed_image_and_metadata,A1->A5,accuracy,5747,5747,-0.04611101444231769,-0.05970922373227347,-0.031236186734934595,0.007265719051115058,0,True
Phi-4-multimodal,mixed_image_and_metadata,A1->A5,precision,5747,5747,0.04845064038268654,0.0410038428022508,0.055598182257075995,0.0038720956761580014,0,True
Phi-4-multimodal,mixed_image_and_metadata,A1->A5,sensitivity,5747,5747,-0.10667449598747303,-0.11940707518075107,-0.09232567791920308,0.00688691970244911,0,True
Phi-4-multimodal,mixed_image_and_metadata,A1->A5,specificity,5747,5747,0.43887147335423193,0.38527056277056276,0.490104695800535,0.02625843151962005,0,True
Phi-4-multimodal,mixed_image_and_metadata,A1->A5,f1,5747,5747,-0.03804255106113008,-0.046843639703375864,-0.028852144193809735,0.004557340784135317,0,True
Phi-4-multimodal,mixed_image_and_metadata,A1->A5,balanced_accuracy,5747,5747,0.1660984886833794,0.13977594588253603,0.19259165556860658,0.013242994557293686,0,True
Phi-4-multimodal,mixed_image_and_metadata,A3->A4,reliable_rate,5747,5747,-0.11327649208282586,-0.12806718116528099,-0.09764504972958393,0.007695039215749648,0,True
Phi-4-multimodal,mixed_image_and_metadata,A3->A4,uncertain_rate,5747,5747,0.0,0.0,0.0,0.0,0,False
Phi-4-multimodal,mixed_image_and_metadata,A3->A4,unreliable_rate,5747,5747,0.11327649208282581,0.09764504972958392,0.12806718116528093,0.007695039215749646,0,True
Phi-4-multimodal,mixed_image_and_metadata,A3->A4,coverage,5747,5747,0.0,0.0,0.0,0.0,0,False
Phi-4-multimodal,mixed_image_and_metadata,A3->A4,accuracy,5747,5747,-0.03706281538193845,-0.051074513453455095,-0.02238236714069936,0.007194430487734979,0,True
Phi-4-multimodal,mixed_image_and_metadata,A3->A4,precision,5747,5747,0.04888228811195494,0.04128385444755376,0.05667238943368266,0.0039372941854463935,0,True
Phi-4-multimodal,mixed_image_and_metadata,A3->A4,sensitivity,5747,5747,-0.08455666470933654,-0.09909745526957445,-0.0689307579744864,0.007589780533927529,0,True
Phi-4-multimodal,mixed_image_and_metadata,A3->A4,specificity,5747,5747,0.34326018808777425,0.2982102448584352,0.3908554572271386,0.023475935608694046,0,True
Phi-4-multimodal,mixed_image_and_metadata,A3->A4,f1,5747,5747,-0.03789333333669276,-0.047872049781165216,-0.02720233843943414,0.0051824921879727,0,True
Phi-4-multimodal,mixed_image_and_metadata,A3->A4,balanced_accuracy,5747,5747,0.1293517616892188,0.1074053825333556,0.15133862795859696,0.011462249435157517,0,True
Phi-4-multimodal,mixed_image_and_metadata,A3->A5,reliable_rate,5747,5747,0.004872107186357999,-0.012122901083655362,0.022740496430109784,0.008891730170257382,0,False
Phi-4-multimodal,mixed_image_and_metadata,A3->A5,uncertain_rate,5747,5747,0.0,0.0,0.0,0.0,0,False
Phi-4-multimodal,mixed_image_and_metadata,A3->A5,unreliable_rate,5747,5747,-0.00487210718635811,-0.022740496430109735,0.012122901083655336,0.00889173017025738,0,False
Phi-4-multimodal,mixed_image_and_metadata,A3->A5,coverage,5747,5747,0.0,0.0,0.0,0.0,0,False
Phi-4-multimodal,mixed_image_and_metadata,A3->A5,accuracy,5747,5747,0.045240995301896625,0.030414054787025246,0.0611510452266714,0.007898577644021344,0,True
Phi-4-multimodal,mixed_image_and_metadata,A3->A5,precision,5747,5747,0.028389585970660547,0.020677638097600506,0.03588134532343326,0.004003959483696991,0,True
Phi-4-multimodal,mixed_image_and_metadata,A3->A5,sensitivity,5747,5747,0.028185554903112142,0.011308443426917081,0.046067843781366954,0.008789136092452451,0,True
Phi-4-multimodal,mixed_image_and_metadata,A3->A5,specificity,5747,5747,0.18181818181818177,0.12670958465050927,0.2379592519185331,0.028012115249249004,0,True
Phi-4-multimodal,mixed_image_and_metadata,A3->A5,f1,5747,5747,0.028572539675492226,0.01814929919114377,0.04020584970464367,0.005658029431676651,0,True
Phi-4-multimodal,mixed_image_and_metadata,A3->A5,balanced_accuracy,5747,5747,0.10500186836064684,0.07816089434877739,0.13265078303798228,0.01382483718987301,0,True
Gemma-4-12B,text_only,A1->A2,reliable_rate,5747,5747,0.0020880459370105076,-0.0008269685886402367,0.004990556665781109,0.0014930124254857308,0,False
Gemma-4-12B,text_only,A1->A2,uncertain_rate,5747,5747,0.0,0.0,0.0,0.0,0,False
Gemma-4-12B,text_only,A1->A2,unreliable_rate,5747,5747,-0.002088045937010615,-0.004990556665781053,0.0008269685886402722,0.0014930124254857312,0,False
Gemma-4-12B,text_only,A1->A2,coverage,5747,5747,0.0,0.0,0.0,0.0,0,False
Gemma-4-12B,text_only,A1->A2,accuracy,5747,5747,-0.0006960153123368729,-0.0037688442211054607,0.0022425585933518095,0.0015071325862164443,0,False
Gemma-4-12B,text_only,A1->A2,precision,5747,5747,-0.0012101078580658564,-0.002913438314880332,0.0003996697112988829,0.000837024688081297,0,False
Gemma-4-12B,text_only,A1->A2,sensitivity,5747,5747,0.0007829320806419515,-0.001956210250345372,0.0034262392006047457,0.001353676375110871,0,False
Gemma-4-12B,text_only,A1->A2,specificity,5747,5747,-0.012539184952978052,-0.028582333696837523,0.003150357397694137,0.008088568669698981,0,False
Gemma-4-12B,text_only,A1->A2,f1,5747,5747,-0.00030344132237503096,-0.001962823853511536,0.0012843998276427585,0.0008255680272025922,0,False
Gemma-4-12B,text_only,A1->A2,balanced_accuracy,5747,5747,-0.005878126436168141,-0.01419158033632601,0.0020658378199415123,0.004103792353858009,0,False
Gemma-4-12B,text_only,A2->A3,reliable_rate,5747,5747,-0.02975465460240123,-0.034226180308808155,-0.025378039712624017,0.0022839683139645583,0,True
Gemma-4-12B,text_only,A2->A3,uncertain_rate,5747,5747,0.0,0.0,0.0,0.0,0,False
Gemma-4-12B,text_only,A2->A3,unreliable_rate,5747,5747,0.029754654602401252,0.02537803971262399,0.0342261803088082,0.002283968313964556,0,True
Gemma-4-12B,text_only,A2->A3,coverage,5747,5747,0.0,0.0,0.0,0.0,0,False
Gemma-4-12B,text_only,A2->A3,accuracy,5747,5747,0.0015660344527579362,-0.002991943771798239,0.006130065292758922,0.0023239775046602416,0,False
Gemma-4-12B,text_only,A2->A3,precision,5747,5747,0.013324752663171124,0.01028356688777006,0.016465363798754965,0.0015781525351912643,0,True
Gemma-4-12B,text_only,A2->A3,sensitivity,5747,5747,-0.015854374633000545,-0.019464237415625328,-0.012446494660539284,0.0017604167833906081,0,True
Gemma-4-12B,text_only,A2->A3,specificity,5747,5747,0.14106583072100312,0.11384552845528455,0.16984281091077208,0.01443436667350287,0,True
Gemma-4-12B,text_only,A2->A3,f1,5747,5747,-0.00016779423541390948,-0.0026149395232119453,0.0022324791384434684,0.0012516183746193576,0,False
Gemma-4-12B,text_only,A2->A3,balanced_accuracy,5747,5747,0.06260572804400133,0.04889215248455159,0.07695157582229685,0.007214572050015933,0,True
Gemma-4-12B,text_only,A1->A3,reliable_rate,5747,5747,-0.027666608665390724,-0.03224689987196915,-0.023444065408981217,0.002298100305218454,0,True
Gemma-4-12B,text_only,A1->A3,uncertain_rate,5747,5747,0.0,0.0,0.0,0.0,0,False
Gemma-4-12B,text_only,A1->A3,unreliable_rate,5747,5747,0.027666608665390637,0.023444065408981214,0.032246899871969166,0.002298100305218453,0,True
Gemma-4-12B,text_only,A1->A3,coverage,5747,5747,0.0,0.0,0.0,0.0,0,False
Gemma-4-12B,text_only,A1->A3,accuracy,5747,5747,0.0008700191404210633,-0.0036928601390519037,0.0055849178747613875,0.002351306406533609,0,False
Gemma-4-12B,text_only,A1->A3,precision,5747,5747,0.012114644805105268,0.009207036542829714,0.015357187234686449,0.0015544466142579738,0,True
Gemma-4-12B,text_only,A1->A3,sensitivity,5747,5747,-0.015071442552358594,-0.01886087601439112,-0.0116300695451467,0.0018320201625002044,0,True
Gemma-4-12B,text_only,A1->A3,specificity,5747,5747,0.12852664576802508,0.10225243960966246,0.15853658536585366,0.014175904775643634,0,True
Gemma-4-12B,text_only,A1->A3,f1,5747,5747,-0.00047123555778894044,-0.002960373299643157,0.0020830267134563357,0.0012719896447880975,0,False
Gemma-4-12B,text_only,A1->A3,balanced_accuracy,5747,5747,0.05672760160783319,0.04353350234254537,0.0717050857204981,0.007122656924733571,0,True
Gemma-4-12B,image_representation,A2->A4,reliable_rate,5747,5747,-0.008352183748042363,-0.014328543303880222,-0.0026519339033645594,0.002983692776311541,0,True
Gemma-4-12B,image_representation,A2->A4,uncertain_rate,5747,5747,0.0,0.0,0.0,0.0,0,False
Gemma-4-12B,image_representation,A2->A4,unreliable_rate,5747,5747,0.00835218374804246,0.002651933903364617,0.014328543303880252,0.0029836927763115394,0,True
Gemma-4-12B,image_representation,A2->A4,coverage,5747,5747,0.0,0.0,0.0,0.0,0,False
Gemma-4-12B,image_representation,A2->A4,accuracy,5747,5747,0.0125282756220636,0.007094932821133701,0.018387391990695473,0.0029107753681842734,0,True
Gemma-4-12B,image_representation,A2->A4,precision,5747,5747,0.009919619377380062,0.006245773951296255,0.013828457184821941,0.0019670460531970887,0,True
Gemma-4-12B,image_representation,A2->A4,sensitivity,5747,5747,0.0023487962419260766,-0.002134100154988794,0.00697734093744492,0.002319514733966726,0,False
Gemma-4-12B,image_representation,A2->A4,specificity,5747,5747,0.09404388714733541,0.05836834921827676,0.1312040722495895,0.018770525776327845,0,True
Gemma-4-12B,image_representation,A2->A4,f1,5747,5747,0.006473121103165891,0.0035347023597263856,0.009656841675068969,0.0015703014610884605,0,True
Gemma-4-12B,image_representation,A2->A4,balanced_accuracy,5747,5747,0.04819634169463083,0.03025251880928061,0.06707629913499033,0.009434889471264526,0,True
Gemma-4-12B,image_representation,A2->A5,reliable_rate,5747,5747,-0.05811727858012872,-0.0661323727172413,-0.050505563428788904,0.0038977332748476373,0,True
Gemma-4-12B,image_representation,A2->A5,uncertain_rate,5747,5747,0.0,0.0,0.0,0.0,0,False
Gemma-4-12B,image_representation,A2->A5,unreliable_rate,5747,5747,0.05811727858012876,0.05050556342878888,0.0661323727172412,0.003897733274847635,0,True
Gemma-4-12B,image_representation,A2->A5,coverage,5747,5747,0.0,0.0,0.0,0.0,0,False
Gemma-4-12B,image_representation,A2->A5,accuracy,5747,5747,-0.004524099530189729,-0.01218876073455311,0.003331112751548273,0.0039907540769565045,0,False
Gemma-4-12B,image_representation,A2->A5,precision,5747,5747,0.022690786689924525,0.018009058250230338,0.0276164476800989,0.002425170085870564,0,True
Gemma-4-12B,image_representation,A2->A5,sensitivity,5747,5747,-0.03523194362889015,-0.04185580443909624,-0.028688978746963245,0.003353754669456797,0,True
Gemma-4-12B,image_representation,A2->A5,specificity,5747,5747,0.2413793103448276,0.20065141290280994,0.2831782202708552,0.020779705957856966,0,True
Gemma-4-12B,image_representation,A2->A5,f1,5747,5747,-0.004535295703225861,-0.008772787942667592,-0.00016033118261830846,0.002191534994052487,0,True
Gemma-4-12B,image_representation,A2->A5,balanced_accuracy,5747,5747,0.10307368335796874,0.08303674321399292,0.124112282628201,0.01040973373382572,0,True
Gemma-4-12B,image_representation,A4->A5,reliable_rate,5747,5747,-0.049765094832086354,-0.055976838740724025,-0.043569725483377716,0.0032392395884924654,0,True
Gemma-4-12B,image_representation,A4->A5,uncertain_rate,5747,5747,0.0,0.0,0.0,0.0,0,False
Gemma-4-12B,image_representation,A4->A5,unreliable_rate,5747,5747,0.0497650948320863,0.0435697254833777,0.05597683874072406,0.0032392395884924667,0,True
Gemma-4-12B,image_representation,A4->A5,coverage,5747,5747,0.0,0.0,0.0,0.0,0,False
Gemma-4-12B,image_representation,A4->A5,accuracy,5747,5747,-0.01705237515225333,-0.024434731348359613,-0.00989715715832941,0.003648450336065036,0,True
Gemma-4-12B,image_representation,A4->A5,precision,5747,5747,0.012771167312544462,0.008925582453884567,0.016829966035043723,0.0020565405664112867,0,True
Gemma-4-12B,image_representation,A4->A5,sensitivity,5747,5747,-0.03758073987081623,-0.04358586311533832,-0.031836676053688076,0.0030166916585849615,0,True
Gemma-4-12B,image_representation,A4->A5,specificity,5747,5747,0.14733542319749218,0.11239366308704907,0.1816704545454545,0.017853484325099585,0,True
Gemma-4-12B,image_representation,A4->A5,f1,5747,5747,-0.011008416806391752,-0.015103966348621123,-0.007115400088377969,0.0020110784835864703,0,True
Gemma-4-12B,image_representation,A4->A5,balanced_accuracy,5747,5747,0.05487734166333791,0.036906662058445644,0.07301145122548124,0.009124614666003452,0,True
Gemma-4-12B,mixed_image_and_metadata,A1->A4,reliable_rate,5747,5747,-0.006264137811031856,-0.01202741635093613,-0.0006739396447213748,0.002985182484170906,0,True
Gemma-4-12B,mixed_image_and_metadata,A1->A4,uncertain_rate,5747,5747,0.0,0.0,0.0,0.0,0,False
Gemma-4-12B,mixed_image_and_metadata,A1->A4,unreliable_rate,5747,5747,0.006264137811031845,0.0006739396447213756,0.012027416350936113,0.002985182484170904,0,True
Gemma-4-12B,mixed_image_and_metadata,A1->A4,coverage,5747,5747,0.0,0.0,0.0,0.0,0,False
Gemma-4-12B,mixed_image_and_metadata,A1->A4,accuracy,5747,5747,0.011832260309726728,0.006174564365769108,0.017624873606088397,0.002962677469986231,0,True
Gemma-4-12B,mixed_image_and_metadata,A1->A4,precision,5747,5747,0.008709511519314206,0.004848075706707966,0.01269701722328471,0.002011413727507321,0,True
Gemma-4-12B,mixed_image_and_metadata,A1->A4,sensitivity,5747,5747,0.003131728322568028,-0.0013707686537169834,0.007691046232532072,0.0023132394247217963,0,False
Gemma-4-12B,mixed_image_and_metadata,A1->A4,specificity,5747,5747,0.08150470219435736,0.044303797468354444,0.11987030043672306,0.019157825524437063,0,True
Gemma-4-12B,mixed_image_and_metadata,A1->A4,f1,5747,5747,0.00616967978079086,0.0031168300428413066,0.009290925140546757,0.0015961733085903208,0,True
Gemma-4-12B,mixed_image_and_metadata,A1->A4,balanced_accuracy,5747,5747,0.04231821525846269,0.02375201339811519,0.06158909642219435,0.009655414387505216,0,True
Gemma-4-12B,mixed_image_and_metadata,A1->A5,reliable_rate,5747,5747,-0.05602923264311821,-0.06363331251682317,-0.0485000587012463,0.0039180431358358195,0,True
Gemma-4-12B,mixed_image_and_metadata,A1->A5,uncertain_rate,5747,5747,0.0,0.0,0.0,0.0,0,False
Gemma-4-12B,mixed_image_and_metadata,A1->A5,unreliable_rate,5747,5747,0.05602923264311814,0.04850005870124633,0.06363331251682311,0.003918043135835818,0,True
Gemma-4-12B,mixed_image_and_metadata,A1->A5,coverage,5747,5747,0.0,0.0,0.0,0.0,0,False
Gemma-4-12B,mixed_image_and_metadata,A1->A5,accuracy,5747,5747,-0.005220114842526602,-0.01308762565983238,0.0027792385474662814,0.004001022907255896,0,False
Gemma-4-12B,mixed_image_and_metadata,A1->A5,precision,5747,5747,0.02148067883185867,0.01675469699792311,0.026508654852282165,0.002481226849789904,0,True
Gemma-4-12B,mixed_image_and_metadata,A1->A5,sensitivity,5747,5747,-0.0344490115482482,-0.041162768860403084,-0.028155852124989174,0.0033286643528308364,0,True
Gemma-4-12B,mixed_image_and_metadata,A1->A5,specificity,5747,5747,0.22884012539184956,0.18729696172947707,0.27182982392915983,0.021395063686494045,0,True
Gemma-4-12B,mixed_image_and_metadata,A1->A5,f1,5747,5747,-0.004838737025600892,-0.009089153028505442,-0.000526528828434824,0.0021957846873578565,0,True
Gemma-4-12B,mixed_image_and_metadata,A1->A5,balanced_accuracy,5747,5747,0.0971955569218006,0.07674474040181228,0.11834770922783068,0.010741327954671087,0,True
Gemma-4-12B,mixed_image_and_metadata,A3->A4,reliable_rate,5747,5747,0.021402470854358868,0.0154695999412576,0.02755325660454685,0.003011713149850503,0,True
Gemma-4-12B,mixed_image_and_metadata,A3->A4,uncertain_rate,5747,5747,0.0,0.0,0.0,0.0,0,False
Gemma-4-12B,mixed_image_and_metadata,A3->A4,unreliable_rate,5747,5747,-0.021402470854358792,-0.02755325660454682,-0.015469599941257618,0.0030117131498505027,0,True
Gemma-4-12B,mixed_image_and_metadata,A3->A4,coverage,5747,5747,0.0,0.0,0.0,0.0,0,False
Gemma-4-12B,mixed_image_and_metadata,A3->A4,accuracy,5747,5747,0.010962241169305664,0.005027608637793257,0.016859146747688892,0.0031269443261892917,0,True
Gemma-4-12B,mixed_image_and_metadata,A3->A4,precision,5747,5747,-0.003405133285791062,-0.007066965793112045,0.00011763497535325281,0.0018784548656688392,0,False
Gemma-4-12B,mixed_image_and_metadata,A3->A4,sensitivity,5747,5747,0.018203170874926622,0.01314616428426309,0.023298619419901728,0.0026456812360034633,0,True
Gemma-4-12B,mixed_image_and_metadata,A3->A4,specificity,5747,5747,-0.04702194357366771,-0.08204922208723593,-0.013239994241289991,0.017572017981728895,0,True
Gemma-4-12B,mixed_image_and_metadata,A3->A4,f1,5747,5747,0.0066409153385798,0.0033487631961971326,0.009948561051230672,0.0017149557590990742,0,True
Gemma-4-12B,mixed_image_and_metadata,A3->A4,balanced_accuracy,5747,5747,-0.014409386349370501,-0.03173716353708752,0.0022832330685716804,0.00891268861587246,0,False
Gemma-4-12B,mixed_image_and_metadata,A3->A5,reliable_rate,5747,5747,-0.028362623977727486,-0.03600351572209169,-0.020796650053667026,0.0038455487725660214,0,True
Gemma-4-12B,mixed_image_and_metadata,A3->A5,uncertain_rate,5747,5747,0.0,0.0,0.0,0.0,0,False
Gemma-4-12B,mixed_image_and_metadata,A3->A5,unreliable_rate,5747,5747,0.028362623977727507,0.020796650053667085,0.03600351572209165,0.0038455487725660206,0,True
Gemma-4-12B,mixed_image_and_metadata,A3->A5,coverage,5747,5747,0.0,0.0,0.0,0.0,0,False
Gemma-4-12B,mixed_image_and_metadata,A3->A5,accuracy,5747,5747,-0.006090133982947665,-0.013782603672893995,0.0013891602347881503,0.0038927735026374555,0,False
Gemma-4-12B,mixed_image_and_metadata,A3->A5,precision,5747,5747,0.0093660340267534,0.004709692617400357,0.014166302750966425,0.002410207114275573,0,True
Gemma-4-12B,mixed_image_and_metadata,A3->A5,sensitivity,5747,5747,-0.019377568995889605,-0.02593740772057829,-0.012595606654521476,0.00336341777588498,0,True
Gemma-4-12B,mixed_image_and_metadata,A3->A5,specificity,5747,5747,0.10031347962382448,0.05784796012068742,0.14221261971182875,0.021470966297926008,0,True
Gemma-4-12B,mixed_image_and_metadata,A3->A5,f1,5747,5747,-0.004367501467811952,-0.008637446230863256,-0.00016900759895401867,0.002168952442331947,0,True
Gemma-4-12B,mixed_image_and_metadata,A3->A5,balanced_accuracy,5747,5747,0.04046795531396741,0.019236856664700284,0.061849743987127025,0.010857917544812835,0,True
Qwen3-VL-2B,text_only,A1->A2,reliable_rate,5747,5747,0.0027840612493474914,0.0010229874143709628,0.005194902554159642,0.0011043662224011713,0,True
Qwen3-VL-2B,text_only,A1->A2,uncertain_rate,5747,5747,-0.002784061249347486,-0.005194902554159667,-0.0010229874143710322,0.0011043662224011713,0,True
Qwen3-VL-2B,text_only,A1->A2,unreliable_rate,5747,5747,0.0,0.0,0.0,0.0,0,False
Qwen3-VL-2B,text_only,A1->A2,coverage,5747,5747,0.0027840612493474914,0.0010229874143709628,0.005194902554159642,0.0011043662224011713,0,True
Qwen3-VL-2B,text_only,A1->A2,accuracy,5747,5747,-0.0002139877109741395,-0.0008302360152476595,0.0003142068860526312,0.0002925957957229299,0,False
Qwen3-VL-2B,text_only,A1->A2,precision,5747,5747,-0.0002139877109741395,-0.0008302360152476595,0.0003142068860526312,0.0002925957957229299,0,False
Qwen3-VL-2B,text_only,A1->A2,sensitivity,5747,5747,0.0,0.0,0.0,0.0,0,False
Qwen3-VL-2B,text_only,A1->A2,specificity,5747,5747,0.0,0.0,0.0,0.0,0,False
Qwen3-VL-2B,text_only,A1->A2,f1,5747,5747,-0.00011990853513821342,-0.0004649641914765412,0.00017505139767588456,0.00016403307218747516,0,False
Qwen3-VL-2B,text_only,A1->A2,balanced_accuracy,5747,5747,0.0,0.0,0.0,0.0,0,False
Qwen3-VL-2B,text_only,A2->A3,reliable_rate,5747,5746,-6.056520296393586e-08,-0.0005261334892295022,0.0005209388628503924,0.00025533344640566314,0,False
Qwen3-VL-2B,text_only,A2->A3,uncertain_rate,5747,5746,6.056520295309384e-08,-0.0005209388628504511,0.0005261334892295228,0.00025533344640566255,0,False
Qwen3-VL-2B,text_only,A2->A3,unreliable_rate,5747,5746,0.0,0.0,0.0,0.0,0,False
Qwen3-VL-2B,text_only,A2->A3,coverage,5747,5746,-6.056520296393586e-08,-0.0005261334892295022,0.0005209388628503924,0.00025533344640566314,0,False
Qwen3-VL-2B,text_only,A2->A3,accuracy,5747,5746,-1.9303451469276922e-05,-0.00047714779495482693,0.00044980598734273286,0.0002278488329112224,0,False
Qwen3-VL-2B,text_only,A2->A3,precision,5747,5746,-1.9303451469276922e-05,-0.00047714779495482693,0.00044980598734273286,0.0002278488329112224,0,False
Qwen3-VL-2B,text_only,A2->A3,sensitivity,5747,5746,0.0,0.0,0.0,0.0,0,False
Qwen3-VL-2B,text_only,A2->A3,specificity,5747,5746,0.0,0.0,0.0,0.0,0,False
Qwen3-VL-2B,text_only,A2->A3,f1,5747,5746,-1.0818071848883726e-05,-0.00026675469489252646,0.00025206343919748065,0.0001277598888403042,0,False
Qwen3-VL-2B,text_only,A2->A3,balanced_accuracy,5747,5746,0.0,0.0,0.0,0.0,0,False
Qwen3-VL-2B,text_only,A1->A3,reliable_rate,5747,5746,0.0027840006841445275,0.0010309508811332773,0.005275018830009535,0.001104082974877327,0,True
Qwen3-VL-2B,text_only,A1->A3,uncertain_rate,5747,5746,-0.0027840006841445327,-0.0052750188300095605,-0.001030950881133298,0.0011040829748773283,0,True
Qwen3-VL-2B,text_only,A1->A3,unreliable_rate,5747,5746,0.0,0.0,0.0,0.0,0,False
Qwen3-VL-2B,text_only,A1->A3,coverage,5747,5746,0.0027840006841445275,0.0010309508811332773,0.005275018830009535,0.001104082974877327,0,True
Qwen3-VL-2B,text_only,A1->A3,accuracy,5747,5746,-0.0002332911624434164,-0.0008331077166185364,0.0002995721402391926,0.0002930278405252466,0,False
Qwen3-VL-2B,text_only,A1->A3,precision,5747,5746,-0.0002332911624434164,-0.0008331077166185364,0.0002995721402391926,0.0002930278405252466,0,False
Qwen3-VL-2B,text_only,A1->A3,sensitivity,5747,5746,0.0,0.0,0.0,0.0,0,False
Qwen3-VL-2B,text_only,A1->A3,specificity,5747,5746,0.0,0.0,0.0,0.0,0,False
Qwen3-VL-2B,text_only,A1->A3,f1,5747,5746,-0.00013072660698709715,-0.00046733046374858035,0.00016765767181463833,0.00016426933901314095,0,False
Qwen3-VL-2B,text_only,A1->A3,balanced_accuracy,5747,5746,0.0,0.0,0.0,0.0,0,False
Qwen3-VL-2B,image_representation,A2->A4,reliable_rate,5747,5747,-0.0073081607795372205,-0.00993632925034904,-0.0049200335514804905,0.0012812585115538455,0,True
Qwen3-VL-2B,image_representation,A2->A4,uncertain_rate,5747,5747,0.00730816077953715,0.004920033551480553,0.00993632925034902,0.0012812585115538461,0,True
Qwen3-VL-2B,image_representation,A2->A4,unreliable_rate,5747,5747,0.0,0.0,0.0,0.0,0,False
Qwen3-VL-2B,image_representation,A2->A4,coverage,5747,5747,-0.0073081607795372205,-0.00993632925034904,-0.0049200335514804905,0.0012812585115538455,0,True
Qwen3-VL-2B,image_representation,A2->A4,accuracy,5747,5747,0.0025150063019372393,0.0011191356047589474,0.004115934529916356,0.0007632157058609746,0,True
Qwen3-VL-2B,image_representation,A2->A4,precision,5747,5747,0.0025150063019372393,0.0011191356047589474,0.004115934529916356,0.0007632157058609746,0,True
Qwen3-VL-2B,image_representation,A2->A4,sensitivity,5747,5747,0.0,0.0,0.0,0.0,0,False
Qwen3-VL-2B,image_representation,A2->A4,specificity,5747,5747,0.0,0.0,0.0,0.0,0,False
Qwen3-VL-2B,image_representation,A2->A4,f1,5747,5747,0.0014075756235595316,0.0006298595809445002,0.0023123019336082156,0.0004280400699196724,0,True
Qwen3-VL-2B,image_representation,A2->A4,balanced_accuracy,5747,5747,0.0,0.0,0.0,0.0,0,False
Qwen3-VL-2B,image_representation,A2->A5,reliable_rate,5747,5746,-0.20762275461323643,-0.21934739535263806,-0.19630035194113057,0.006006975468713112,0,True
Qwen3-VL-2B,image_representation,A2->A5,uncertain_rate,5747,5746,0.20762275461323637,0.19630035194113063,0.21934739535263803,0.006006975468713112,0,True
Qwen3-VL-2B,image_representation,A2->A5,unreliable_rate,5747,5746,0.0,0.0,0.0,0.0,0,False
Qwen3-VL-2B,image_representation,A2->A5,coverage,5747,5746,-0.20762275461323643,-0.21934739535263806,-0.19630035194113057,0.006006975468713112,0,True
Qwen3-VL-2B,image_representation,A2->A5,accuracy,5747,5746,0.030896603793502453,0.024979264251158897,0.036718075754257076,0.0029639223675805735,0,True
Qwen3-VL-2B,image_representation,A2->A5,precision,5747,5746,0.030896603793502453,0.024979264251158897,0.036718075754257076,0.0029639223675805735,0,True
Qwen3-VL-2B,image_representation,A2->A5,sensitivity,5747,5746,0.0,0.0,0.0,0.0,0,False
Qwen3-VL-2B,image_representation,A2->A5,specificity,5747,5746,0.0,0.0,0.0,0.0,0,False
Qwen3-VL-2B,image_representation,A2->A5,f1,5747,5746,0.01703631903801439,0.013775366784251768,0.020243990208163025,0.0016424416887177277,0,True
Qwen3-VL-2B,image_representation,A2->A5,balanced_accuracy,5747,5746,0.0,0.0,0.0,0.0,0,False
Qwen3-VL-2B,image_representation,A4->A5,reliable_rate,5747,5746,-0.2003145938336992,-0.21219376770449516,-0.18872075592917,0.006060907798580376,0,True
Qwen3-VL-2B,image_representation,A4->A5,uncertain_rate,5747,5746,0.20031459383369923,0.18872075592916995,0.2121937677044952,0.006060907798580377,0,True
Qwen3-VL-2B,image_representation,A4->A5,unreliable_rate,5747,5746,0.0,0.0,0.0,0.0,0,False
Qwen3-VL-2B,image_representation,A4->A5,coverage,5747,5746,-0.2003145938336992,-0.21219376770449516,-0.18872075592917,0.006060907798580376,0,True
Qwen3-VL-2B,image_representation,A4->A5,accuracy,5747,5746,0.028381597491565214,0.022778260418510464,0.03418363302059793,0.0029383933346598906,0,True
Qwen3-VL-2B,image_representation,A4->A5,precision,5747,5746,0.028381597491565214,0.022778260418510464,0.03418363302059793,0.0029383933346598906,0,True
Qwen3-VL-2B,image_representation,A4->A5,sensitivity,5747,5746,0.0,0.0,0.0,0.0,0,False
Qwen3-VL-2B,image_representation,A4->A5,specificity,5747,5746,0.0,0.0,0.0,0.0,0,False
Qwen3-VL-2B,image_representation,A4->A5,f1,5747,5746,0.01562874341445486,0.012486106202792866,0.018836398883977264,0.0016235288432804558,0,True
Qwen3-VL-2B,image_representation,A4->A5,balanced_accuracy,5747,5746,0.0,0.0,0.0,0.0,0,False
Qwen3-VL-2B,mixed_image_and_metadata,A1->A4,reliable_rate,5747,5747,-0.004524099530189729,-0.007590467784642563,-0.0011952484086337927,0.0016476649801424694,0,True
Qwen3-VL-2B,mixed_image_and_metadata,A1->A4,uncertain_rate,5747,5747,0.004524099530189665,0.0011952484086338235,0.007590467784642542,0.0016476649801424712,0,True
Qwen3-VL-2B,mixed_image_and_metadata,A1->A4,unreliable_rate,5747,5747,0.0,0.0,0.0,0.0,0,False
Qwen3-VL-2B,mixed_image_and_metadata,A1->A4,coverage,5747,5747,-0.004524099530189729,-0.007590467784642563,-0.0011952484086337927,0.0016476649801424694,0,True
Qwen3-VL-2B,mixed_image_and_metadata,A1->A4,accuracy,5747,5747,0.0023010185909631,0.0010272285879799753,0.0038066024810554174,0.0007357454570364464,0,True
Qwen3-VL-2B,mixed_image_and_metadata,A1->A4,precision,5747,5747,0.0023010185909631,0.0010272285879799753,0.0038066024810554174,0.0007357454570364464,0,True
Qwen3-VL-2B,mixed_image_and_metadata,A1->A4,sensitivity,5747,5747,0.0,0.0,0.0,0.0,0,False
Qwen3-VL-2B,mixed_image_and_metadata,A1->A4,specificity,5747,5747,0.0,0.0,0.0,0.0,0,False
Qwen3-VL-2B,mixed_image_and_metadata,A1->A4,f1,5747,5747,0.0012876670884213182,0.000571948938465422,0.0021270085257293256,0.0004124385660370225,0,True
Qwen3-VL-2B,mixed_image_and_metadata,A1->A4,balanced_accuracy,5747,5747,0.0,0.0,0.0,0.0,0,False
Qwen3-VL-2B,mixed_image_and_metadata,A1->A5,reliable_rate,5747,5746,-0.20483869336388894,-0.2164124390134582,-0.1930886114945019,0.006063783106771822,0,True
Qwen3-VL-2B,mixed_image_and_metadata,A1->A5,uncertain_rate,5747,5746,0.20483869336388888,0.1930886114945018,0.21641243901345814,0.006063783106771824,0,True
Qwen3-VL-2B,mixed_image_and_metadata,A1->A5,unreliable_rate,5747,5746,0.0,0.0,0.0,0.0,0,False
Qwen3-VL-2B,mixed_image_and_metadata,A1->A5,coverage,5747,5746,-0.20483869336388894,-0.2164124390134582,-0.1930886114945019,0.006063783106771822,0,True
Qwen3-VL-2B,mixed_image_and_metadata,A1->A5,accuracy,5747,5746,0.030682616082528313,0.024873143809178863,0.036493137339043684,0.002951800505411614,0,True
Qwen3-VL-2B,mixed_image_and_metadata,A1->A5,precision,5747,5746,0.030682616082528313,0.024873143809178863,0.036493137339043684,0.002951800505411614,0,True
Qwen3-VL-2B,mixed_image_and_metadata,A1->A5,sensitivity,5747,5746,0.0,0.0,0.0,0.0,0,False
Qwen3-VL-2B,mixed_image_and_metadata,A1->A5,specificity,5747,5746,0.0,0.0,0.0,0.0,0,False
Qwen3-VL-2B,mixed_image_and_metadata,A1->A5,f1,5747,5746,0.016916410502876178,0.013705292398385605,0.020135440655100624,0.0016351768624454461,0,True
Qwen3-VL-2B,mixed_image_and_metadata,A1->A5,balanced_accuracy,5747,5746,0.0,0.0,0.0,0.0,0,False
Qwen3-VL-2B,mixed_image_and_metadata,A3->A4,reliable_rate,5746,5747,-0.007308100214334257,-0.009840092829319459,-0.005010214969771712,0.0012295209454260764,0,True
Qwen3-VL-2B,mixed_image_and_metadata,A3->A4,uncertain_rate,5746,5747,0.007308100214334197,0.005010214969771739,0.009840092829319459,0.0012295209454260784,0,True
Qwen3-VL-2B,mixed_image_and_metadata,A3->A4,unreliable_rate,5746,5747,0.0,0.0,0.0,0.0,0,False
Qwen3-VL-2B,mixed_image_and_metadata,A3->A4,coverage,5746,5747,-0.007308100214334257,-0.009840092829319459,-0.005010214969771712,0.0012295209454260764,0,True
Qwen3-VL-2B,mixed_image_and_metadata,A3->A4,accuracy,5746,5747,0.002534309753406516,0.0011845529601545723,0.004102403507990531,0.00074005004473801,0,True
Qwen3-VL-2B,mixed_image_and_metadata,A3->A4,precision,5746,5747,0.002534309753406516,0.0011845529601545723,0.004102403507990531,0.00074005004473801,0,True
Qwen3-VL-2B,mixed_image_and_metadata,A3->A4,sensitivity,5746,5747,0.0,0.0,0.0,0.0,0,False
Qwen3-VL-2B,mixed_image_and_metadata,A3->A4,specificity,5746,5747,0.0,0.0,0.0,0.0,0,False
Qwen3-VL-2B,mixed_image_and_metadata,A3->A4,f1,5746,5747,0.0014183936954084153,0.0006654644848997055,0.0023050568691495546,0.0004150125740217495,0,True
Qwen3-VL-2B,mixed_image_and_metadata,A3->A4,balanced_accuracy,5746,5747,0.0,0.0,0.0,0.0,0,False
Qwen3-VL-2B,mixed_image_and_metadata,A3->A5,reliable_rate,5746,5746,-0.20762269404803346,-0.21933319048739505,-0.1962848712314703,0.006022169455909267,0,True
Qwen3-VL-2B,mixed_image_and_metadata,A3->A5,uncertain_rate,5746,5746,0.2076226940480334,0.19628487123147023,0.21933319048739505,0.006022169455909269,0,True
Qwen3-VL-2B,mixed_image_and_metadata,A3->A5,unreliable_rate,5746,5746,0.0,0.0,0.0,0.0,0,False
Qwen3-VL-2B,mixed_image_and_metadata,A3->A5,coverage,5746,5746,-0.20762269404803346,-0.21933319048739505,-0.1962848712314703,0.006022169455909267,0,True
Qwen3-VL-2B,mixed_image_and_metadata,A3->A5,accuracy,5746,5746,0.03091590724497173,0.025051268075216133,0.03673607465408992,0.002966429632917339,0,True
Qwen3-VL-2B,mixed_image_and_metadata,A3->A5,precision,5746,5746,0.03091590724497173,0.025051268075216133,0.03673607465408992,0.002966429632917339,0,True
Qwen3-VL-2B,mixed_image_and_metadata,A3->A5,sensitivity,5746,5746,0.0,0.0,0.0,0.0,0,False
Qwen3-VL-2B,mixed_image_and_metadata,A3->A5,specificity,5746,5746,0.0,0.0,0.0,0.0,0,False
Qwen3-VL-2B,mixed_image_and_metadata,A3->A5,f1,5746,5746,0.017047137109863275,0.013778766627828468,0.020244861333614493,0.0016436292749191718,0,True
Qwen3-VL-2B,mixed_image_and_metadata,A3->A5,balanced_accuracy,5746,5746,0.0,0.0,0.0,0.0,0,False
Qwen2.5-VL-3B,text_only,A1->A2,reliable_rate,5747,5747,0.009222202888463538,0.006012491899196551,0.013141863024645109,0.0017992086210876922,0,True
Qwen2.5-VL-3B,text_only,A1->A2,uncertain_rate,5747,5747,0.0,0.0,0.0,0.0,0,False
Qwen2.5-VL-3B,text_only,A1->A2,unreliable_rate,5747,5747,-0.009222202888463546,-0.013141863024645095,-0.0060124918991965965,0.0017992086210876933,0,True
Qwen2.5-VL-3B,text_only,A1->A2,coverage,5747,5747,0.0,0.0,0.0,0.0,0,False
Qwen2.5-VL-3B,text_only,A1->A2,accuracy,5747,5747,0.002610057421263301,0.0,0.005152405033049356,0.0013121580640682083,0,False
Qwen2.5-VL-3B,text_only,A1->A2,precision,5747,5747,-0.00230743552958812,-0.0041949136594629675,-0.0007822215403253405,0.0008949556100883263,0,True
Qwen2.5-VL-3B,text_only,A1->A2,sensitivity,5747,5747,0.0066549226854569765,0.004222406164382122,0.009333176056191392,0.0013336001218576664,0,True
Qwen2.5-VL-3B,text_only,A1->A2,specificity,5747,5747,-0.029780564263322883,-0.04949052266380842,-0.014259162199623449,0.00914599874386151,0,True
Qwen2.5-VL-3B,text_only,A1->A2,f1,5747,5747,0.0016769215543748217,0.0003251448932544476,0.0030408322789920476,0.0007067404215951774,0,True
Qwen2.5-VL-3B,text_only,A1->A2,balanced_accuracy,5747,5747,-0.011562820788933004,-0.020770810347961095,-0.003981088721282758,0.004414043053497742,0,True
Qwen2.5-VL-3B,text_only,A2->A3,reliable_rate,5747,5747,0.0005220114842526824,0.0,0.0012146504201628633,0.00029919001761077933,0,False
Qwen2.5-VL-3B,text_only,A2->A3,uncertain_rate,5747,5747,0.0,0.0,0.0,0.0,0,False
Qwen2.5-VL-3B,text_only,A2->A3,unreliable_rate,5747,5747,-0.0005220114842526536,-0.0012146504201629047,0.0,0.00029919001761077787,0,False
Qwen2.5-VL-3B,text_only,A2->A3,coverage,5747,5747,0.0,0.0,0.0,0.0,0,False
Qwen2.5-VL-3B,text_only,A2->A3,accuracy,5747,5747,-0.00017400382808419046,-0.0008394572127173039,0.00035242601363125734,0.0002992435368630878,0,False
Qwen2.5-VL-3B,text_only,A2->A3,precision,5747,5747,-0.00029020833444404204,-0.0007702780416837668,3.8225342499900715e-05,0.0002175317233990311,0,False
Qwen2.5-VL-3B,text_only,A2->A3,sensitivity,5747,5747,0.00019573302016051564,0.0,0.0006087724128794797,0.00019531278740979012,0,False
Qwen2.5-VL-3B,text_only,A2->A3,specificity,5747,5747,-0.003134796238244514,-0.008026653031636721,0.0,0.002191504011075464,0,False
Qwen2.5-VL-3B,text_only,A2->A3,f1,5747,5747,-7.589532549301392e-05,-0.00041607689228830567,0.00020695963009783046,0.00015567140692837643,0,False
Qwen2.5-VL-3B,text_only,A2->A3,balanced_accuracy,5747,5747,-0.001469531609041952,-0.003912472946090079,0.0001956573845368431,0.0011000466030268669,0,False
Qwen2.5-VL-3B,text_only,A1->A3,reliable_rate,5747,5747,0.00974421437271622,0.006411172997751524,0.0136869129743756,0.0018437181534474447,0,True
Qwen2.5-VL-3B,text_only,A1->A3,uncertain_rate,5747,5747,0.0,0.0,0.0,0.0,0,False
Qwen2.5-VL-3B,text_only,A1->A3,unreliable_rate,5747,5747,-0.0097442143727162,-0.013686912974375574,-0.006411172997751557,0.0018437181534474456,0,True
Qwen2.5-VL-3B,text_only,A1->A3,coverage,5747,5747,0.0,0.0,0.0,0.0,0,False
Qwen2.5-VL-3B,text_only,A1->A3,accuracy,5747,5747,0.0024360535931791105,-0.00016793388163581225,0.004935827125280034,0.0013014381741828854,0,False
Qwen2.5-VL-3B,text_only,A1->A3,precision,5747,5747,-0.002597643864032162,-0.004565239816193995,-0.001055847710523636,0.0009112866749060977,0,True
Qwen2.5-VL-3B,text_only,A1->A3,sensitivity,5747,5747,0.006850655705617492,0.004387450300159043,0.009564794910212183,0.0013417137776446546,0,True
Qwen2.5-VL-3B,text_only,A1->A3,specificity,5747,5747,-0.032915360501567396,-0.052963283366187795,-0.016722280956786045,0.009339654559967565,0,True
Qwen2.5-VL-3B,text_only,A1->A3,f1,5747,5747,0.0016010262288818078,0.0002687912221180838,0.0029718787965308845,0.0007002158953079305,0,True
Qwen2.5-VL-3B,text_only,A1->A3,balanced_accuracy,5747,5747,-0.013032352397974956,-0.02267902560210301,-0.005419617963436408,0.0044883289805645234,0,True
Qwen2.5-VL-3B,image_representation,A2->A4,reliable_rate,5747,5747,0.0005220114842526824,0.0,0.0012146504201628633,0.00029919001761077933,0,False
Qwen2.5-VL-3B,image_representation,A2->A4,uncertain_rate,5747,5747,0.0,0.0,0.0,0.0,0,False
Qwen2.5-VL-3B,image_representation,A2->A4,unreliable_rate,5747,5747,-0.0005220114842526536,-0.0012146504201629047,0.0,0.00029919001761077787,0,False
Qwen2.5-VL-3B,image_representation,A2->A4,coverage,5747,5747,0.0,0.0,0.0,0.0,0,False
Qwen2.5-VL-3B,image_representation,A2->A4,accuracy,5747,5747,-0.00017400382808419046,-0.0008394572127173039,0.00035242601363125734,0.0002992435368630878,0,False
Qwen2.5-VL-3B,image_representation,A2->A4,precision,5747,5747,-0.00029020833444404204,-0.0007702780416837668,3.8225342499900715e-05,0.0002175317233990311,0,False
Qwen2.5-VL-3B,image_representation,A2->A4,sensitivity,5747,5747,0.00019573302016051564,0.0,0.0006087724128794797,0.00019531278740979012,0,False
Qwen2.5-VL-3B,image_representation,A2->A4,specificity,5747,5747,-0.003134796238244514,-0.008026653031636721,0.0,0.002191504011075464,0,False
Qwen2.5-VL-3B,image_representation,A2->A4,f1,5747,5747,-7.589532549301392e-05,-0.00041607689228830567,0.00020695963009783046,0.00015567140692837643,0,False
Qwen2.5-VL-3B,image_representation,A2->A4,balanced_accuracy,5747,5747,-0.001469531609041952,-0.003912472946090079,0.0001956573845368431,0.0011000466030268669,0,False
Qwen2.5-VL-3B,image_representation,A2->A5,reliable_rate,5747,5747,0.0005220114842526824,0.0,0.0012146504201628633,0.00029919001761077933,0,False
Qwen2.5-VL-3B,image_representation,A2->A5,uncertain_rate,5747,5747,0.0,0.0,0.0,0.0,0,False
Qwen2.5-VL-3B,image_representation,A2->A5,unreliable_rate,5747,5747,-0.0005220114842526536,-0.0012146504201629047,0.0,0.00029919001761077787,0,False
Qwen2.5-VL-3B,image_representation,A2->A5,coverage,5747,5747,0.0,0.0,0.0,0.0,0,False
Qwen2.5-VL-3B,image_representation,A2->A5,accuracy,5747,5747,-0.00017400382808419046,-0.0008394572127173039,0.00035242601363125734,0.0002992435368630878,0,False
Qwen2.5-VL-3B,image_representation,A2->A5,precision,5747,5747,-0.00029020833444404204,-0.0007702780416837668,3.8225342499900715e-05,0.0002175317233990311,0,False
Qwen2.5-VL-3B,image_representation,A2->A5,sensitivity,5747,5747,0.00019573302016051564,0.0,0.0006087724128794797,0.00019531278740979012,0,False
Qwen2.5-VL-3B,image_representation,A2->A5,specificity,5747,5747,-0.003134796238244514,-0.008026653031636721,0.0,0.002191504011075464,0,False
Qwen2.5-VL-3B,image_representation,A2->A5,f1,5747,5747,-7.589532549301392e-05,-0.00041607689228830567,0.00020695963009783046,0.00015567140692837643,0,False
Qwen2.5-VL-3B,image_representation,A2->A5,balanced_accuracy,5747,5747,-0.001469531609041952,-0.003912472946090079,0.0001956573845368431,0.0011000466030268669,0,False
Qwen2.5-VL-3B,image_representation,A4->A5,reliable_rate,5747,5747,0.0,0.0,0.0,0.0,0,False
Qwen2.5-VL-3B,image_representation,A4->A5,uncertain_rate,5747,5747,0.0,0.0,0.0,0.0,0,False
Qwen2.5-VL-3B,image_representation,A4->A5,unreliable_rate,5747,5747,0.0,0.0,0.0,0.0,0,False
Qwen2.5-VL-3B,image_representation,A4->A5,coverage,5747,5747,0.0,0.0,0.0,0.0,0,False
Qwen2.5-VL-3B,image_representation,A4->A5,accuracy,5747,5747,0.0,0.0,0.0,0.0,0,False
Qwen2.5-VL-3B,image_representation,A4->A5,precision,5747,5747,0.0,0.0,0.0,0.0,0,False
Qwen2.5-VL-3B,image_representation,A4->A5,sensitivity,5747,5747,0.0,0.0,0.0,0.0,0,False
Qwen2.5-VL-3B,image_representation,A4->A5,specificity,5747,5747,0.0,0.0,0.0,0.0,0,False
Qwen2.5-VL-3B,image_representation,A4->A5,f1,5747,5747,0.0,0.0,0.0,0.0,0,False
Qwen2.5-VL-3B,image_representation,A4->A5,balanced_accuracy,5747,5747,0.0,0.0,0.0,0.0,0,False
Qwen2.5-VL-3B,mixed_image_and_metadata,A1->A4,reliable_rate,5747,5747,0.00974421437271622,0.006411172997751524,0.0136869129743756,0.0018437181534474447,0,True
Qwen2.5-VL-3B,mixed_image_and_metadata,A1->A4,uncertain_rate,5747,5747,0.0,0.0,0.0,0.0,0,False
Qwen2.5-VL-3B,mixed_image_and_metadata,A1->A4,unreliable_rate,5747,5747,-0.0097442143727162,-0.013686912974375574,-0.006411172997751557,0.0018437181534474456,0,True
Qwen2.5-VL-3B,mixed_image_and_metadata,A1->A4,coverage,5747,5747,0.0,0.0,0.0,0.0,0,False
Qwen2.5-VL-3B,mixed_image_and_metadata,A1->A4,accuracy,5747,5747,0.0024360535931791105,-0.00016793388163581225,0.004935827125280034,0.0013014381741828854,0,False
Qwen2.5-VL-3B,mixed_image_and_metadata,A1->A4,precision,5747,5747,-0.002597643864032162,-0.004565239816193995,-0.001055847710523636,0.0009112866749060977,0,True
Qwen2.5-VL-3B,mixed_image_and_metadata,A1->A4,sensitivity,5747,5747,0.006850655705617492,0.004387450300159043,0.009564794910212183,0.0013417137776446546,0,True
Qwen2.5-VL-3B,mixed_image_and_metadata,A1->A4,specificity,5747,5747,-0.032915360501567396,-0.052963283366187795,-0.016722280956786045,0.009339654559967565,0,True
Qwen2.5-VL-3B,mixed_image_and_metadata,A1->A4,f1,5747,5747,0.0016010262288818078,0.0002687912221180838,0.0029718787965308845,0.0007002158953079305,0,True
Qwen2.5-VL-3B,mixed_image_and_metadata,A1->A4,balanced_accuracy,5747,5747,-0.013032352397974956,-0.02267902560210301,-0.005419617963436408,0.0044883289805645234,0,True
Qwen2.5-VL-3B,mixed_image_and_metadata,A1->A5,reliable_rate,5747,5747,0.00974421437271622,0.006411172997751524,0.0136869129743756,0.0018437181534474447,0,True
Qwen2.5-VL-3B,mixed_image_and_metadata,A1->A5,uncertain_rate,5747,5747,0.0,0.0,0.0,0.0,0,False
Qwen2.5-VL-3B,mixed_image_and_metadata,A1->A5,unreliable_rate,5747,5747,-0.0097442143727162,-0.013686912974375574,-0.006411172997751557,0.0018437181534474456,0,True
Qwen2.5-VL-3B,mixed_image_and_metadata,A1->A5,coverage,5747,5747,0.0,0.0,0.0,0.0,0,False
Qwen2.5-VL-3B,mixed_image_and_metadata,A1->A5,accuracy,5747,5747,0.0024360535931791105,-0.00016793388163581225,0.004935827125280034,0.0013014381741828854,0,False
Qwen2.5-VL-3B,mixed_image_and_metadata,A1->A5,precision,5747,5747,-0.002597643864032162,-0.004565239816193995,-0.001055847710523636,0.0009112866749060977,0,True
Qwen2.5-VL-3B,mixed_image_and_metadata,A1->A5,sensitivity,5747,5747,0.006850655705617492,0.004387450300159043,0.009564794910212183,0.0013417137776446546,0,True
Qwen2.5-VL-3B,mixed_image_and_metadata,A1->A5,specificity,5747,5747,-0.032915360501567396,-0.052963283366187795,-0.016722280956786045,0.009339654559967565,0,True
Qwen2.5-VL-3B,mixed_image_and_metadata,A1->A5,f1,5747,5747,0.0016010262288818078,0.0002687912221180838,0.0029718787965308845,0.0007002158953079305,0,True
Qwen2.5-VL-3B,mixed_image_and_metadata,A1->A5,balanced_accuracy,5747,5747,-0.013032352397974956,-0.02267902560210301,-0.005419617963436408,0.0044883289805645234,0,True
Qwen2.5-VL-3B,mixed_image_and_metadata,A3->A4,reliable_rate,5747,5747,0.0,0.0,0.0,0.0,0,False
Qwen2.5-VL-3B,mixed_image_and_metadata,A3->A4,uncertain_rate,5747,5747,0.0,0.0,0.0,0.0,0,False
Qwen2.5-VL-3B,mixed_image_and_metadata,A3->A4,unreliable_rate,5747,5747,0.0,0.0,0.0,0.0,0,False
Qwen2.5-VL-3B,mixed_image_and_metadata,A3->A4,coverage,5747,5747,0.0,0.0,0.0,0.0,0,False
Qwen2.5-VL-3B,mixed_image_and_metadata,A3->A4,accuracy,5747,5747,0.0,0.0,0.0,0.0,0,False
Qwen2.5-VL-3B,mixed_image_and_metadata,A3->A4,precision,5747,5747,0.0,0.0,0.0,0.0,0,False
Qwen2.5-VL-3B,mixed_image_and_metadata,A3->A4,sensitivity,5747,5747,0.0,0.0,0.0,0.0,0,False
Qwen2.5-VL-3B,mixed_image_and_metadata,A3->A4,specificity,5747,5747,0.0,0.0,0.0,0.0,0,False
Qwen2.5-VL-3B,mixed_image_and_metadata,A3->A4,f1,5747,5747,0.0,0.0,0.0,0.0,0,False
Qwen2.5-VL-3B,mixed_image_and_metadata,A3->A4,balanced_accuracy,5747,5747,0.0,0.0,0.0,0.0,0,False
Qwen2.5-VL-3B,mixed_image_and_metadata,A3->A5,reliable_rate,5747,5747,0.0,0.0,0.0,0.0,0,False
Qwen2.5-VL-3B,mixed_image_and_metadata,A3->A5,uncertain_rate,5747,5747,0.0,0.0,0.0,0.0,0,False
Qwen2.5-VL-3B,mixed_image_and_metadata,A3->A5,unreliable_rate,5747,5747,0.0,0.0,0.0,0.0,0,False
Qwen2.5-VL-3B,mixed_image_and_metadata,A3->A5,coverage,5747,5747,0.0,0.0,0.0,0.0,0,False
Qwen2.5-VL-3B,mixed_image_and_metadata,A3->A5,accuracy,5747,5747,0.0,0.0,0.0,0.0,0,False
Qwen2.5-VL-3B,mixed_image_and_metadata,A3->A5,precision,5747,5747,0.0,0.0,0.0,0.0,0,False
Qwen2.5-VL-3B,mixed_image_and_metadata,A3->A5,sensitivity,5747,5747,0.0,0.0,0.0,0.0,0,False
Qwen2.5-VL-3B,mixed_image_and_metadata,A3->A5,specificity,5747,5747,0.0,0.0,0.0,0.0,0,False
Qwen2.5-VL-3B,mixed_image_and_metadata,A3->A5,f1,5747,5747,0.0,0.0,0.0,0.0,0,False
Qwen2.5-VL-3B,mixed_image_and_metadata,A3->A5,balanced_accuracy,5747,5747,0.0,0.0,0.0,0.0,0,False
InternVL3.5-2B,text_only,A1->A2,reliable_rate,5743,5536,0.0,0.0,0.0,0.0,0,False
InternVL3.5-2B,text_only,A1->A2,uncertain_rate,5743,5536,0.0,0.0,0.0,0.0,0,False
InternVL3.5-2B,text_only,A1->A2,unreliable_rate,5743,5536,0.0,0.0,0.0,0.0,0,False
InternVL3.5-2B,text_only,A1->A2,coverage,5743,5536,0.0,0.0,0.0,0.0,0,False
InternVL3.5-2B,text_only,A1->A2,accuracy,5743,5536,,,,,2000,False
InternVL3.5-2B,text_only,A1->A2,precision,5743,5536,,,,,2000,False
InternVL3.5-2B,text_only,A1->A2,sensitivity,5743,5536,,,,,2000,False
InternVL3.5-2B,text_only,A1->A2,specificity,5743,5536,,,,,2000,False
InternVL3.5-2B,text_only,A1->A2,f1,5743,5536,,,,,2000,False
InternVL3.5-2B,text_only,A1->A2,balanced_accuracy,5743,5536,,,,,2000,False
InternVL3.5-2B,text_only,A2->A3,reliable_rate,5536,5590,0.0,0.0,0.0,0.0,0,False
InternVL3.5-2B,text_only,A2->A3,uncertain_rate,5536,5590,0.0,0.0,0.0,0.0,0,False
InternVL3.5-2B,text_only,A2->A3,unreliable_rate,5536,5590,0.0,0.0,0.0,0.0,0,False
InternVL3.5-2B,text_only,A2->A3,coverage,5536,5590,0.0,0.0,0.0,0.0,0,False
InternVL3.5-2B,text_only,A2->A3,accuracy,5536,5590,,,,,2000,False
InternVL3.5-2B,text_only,A2->A3,precision,5536,5590,,,,,2000,False
InternVL3.5-2B,text_only,A2->A3,sensitivity,5536,5590,,,,,2000,False
InternVL3.5-2B,text_only,A2->A3,specificity,5536,5590,,,,,2000,False
InternVL3.5-2B,text_only,A2->A3,f1,5536,5590,,,,,2000,False
InternVL3.5-2B,text_only,A2->A3,balanced_accuracy,5536,5590,,,,,2000,False
InternVL3.5-2B,text_only,A1->A3,reliable_rate,5743,5590,0.0,0.0,0.0,0.0,0,False
InternVL3.5-2B,text_only,A1->A3,uncertain_rate,5743,5590,0.0,0.0,0.0,0.0,0,False
InternVL3.5-2B,text_only,A1->A3,unreliable_rate,5743,5590,0.0,0.0,0.0,0.0,0,False
InternVL3.5-2B,text_only,A1->A3,coverage,5743,5590,0.0,0.0,0.0,0.0,0,False
InternVL3.5-2B,text_only,A1->A3,accuracy,5743,5590,,,,,2000,False
InternVL3.5-2B,text_only,A1->A3,precision,5743,5590,,,,,2000,False
InternVL3.5-2B,text_only,A1->A3,sensitivity,5743,5590,,,,,2000,False
InternVL3.5-2B,text_only,A1->A3,specificity,5743,5590,,,,,2000,False
InternVL3.5-2B,text_only,A1->A3,f1,5743,5590,,,,,2000,False
InternVL3.5-2B,text_only,A1->A3,balanced_accuracy,5743,5590,,,,,2000,False
InternVL3.5-2B,image_representation,A2->A4,reliable_rate,5536,5725,0.0,0.0,0.0,0.0,0,False
InternVL3.5-2B,image_representation,A2->A4,uncertain_rate,5536,5725,0.0,0.0,0.0,0.0,0,False
InternVL3.5-2B,image_representation,A2->A4,unreliable_rate,5536,5725,0.0,0.0,0.0,0.0,0,False
InternVL3.5-2B,image_representation,A2->A4,coverage,5536,5725,0.0,0.0,0.0,0.0,0,False
InternVL3.5-2B,image_representation,A2->A4,accuracy,5536,5725,,,,,2000,False
InternVL3.5-2B,image_representation,A2->A4,precision,5536,5725,,,,,2000,False
InternVL3.5-2B,image_representation,A2->A4,sensitivity,5536,5725,,,,,2000,False
InternVL3.5-2B,image_representation,A2->A4,specificity,5536,5725,,,,,2000,False
InternVL3.5-2B,image_representation,A2->A4,f1,5536,5725,,,,,2000,False
InternVL3.5-2B,image_representation,A2->A4,balanced_accuracy,5536,5725,,,,,2000,False
InternVL3.5-2B,image_representation,A2->A5,reliable_rate,5536,5654,0.0,0.0,0.0,0.0,0,False
InternVL3.5-2B,image_representation,A2->A5,uncertain_rate,5536,5654,0.0,0.0,0.0,0.0,0,False
InternVL3.5-2B,image_representation,A2->A5,unreliable_rate,5536,5654,0.0,0.0,0.0,0.0,0,False
InternVL3.5-2B,image_representation,A2->A5,coverage,5536,5654,0.0,0.0,0.0,0.0,0,False
InternVL3.5-2B,image_representation,A2->A5,accuracy,5536,5654,,,,,2000,False
InternVL3.5-2B,image_representation,A2->A5,precision,5536,5654,,,,,2000,False
InternVL3.5-2B,image_representation,A2->A5,sensitivity,5536,5654,,,,,2000,False
InternVL3.5-2B,image_representation,A2->A5,specificity,5536,5654,,,,,2000,False
InternVL3.5-2B,image_representation,A2->A5,f1,5536,5654,,,,,2000,False
InternVL3.5-2B,image_representation,A2->A5,balanced_accuracy,5536,5654,,,,,2000,False
InternVL3.5-2B,image_representation,A4->A5,reliable_rate,5725,5654,0.0,0.0,0.0,0.0,0,False
InternVL3.5-2B,image_representation,A4->A5,uncertain_rate,5725,5654,0.0,0.0,0.0,0.0,0,False
InternVL3.5-2B,image_representation,A4->A5,unreliable_rate,5725,5654,0.0,0.0,0.0,0.0,0,False
InternVL3.5-2B,image_representation,A4->A5,coverage,5725,5654,0.0,0.0,0.0,0.0,0,False
InternVL3.5-2B,image_representation,A4->A5,accuracy,5725,5654,,,,,2000,False
InternVL3.5-2B,image_representation,A4->A5,precision,5725,5654,,,,,2000,False
InternVL3.5-2B,image_representation,A4->A5,sensitivity,5725,5654,,,,,2000,False
InternVL3.5-2B,image_representation,A4->A5,specificity,5725,5654,,,,,2000,False
InternVL3.5-2B,image_representation,A4->A5,f1,5725,5654,,,,,2000,False
InternVL3.5-2B,image_representation,A4->A5,balanced_accuracy,5725,5654,,,,,2000,False
InternVL3.5-2B,mixed_image_and_metadata,A1->A4,reliable_rate,5743,5725,0.0,0.0,0.0,0.0,0,False
InternVL3.5-2B,mixed_image_and_metadata,A1->A4,uncertain_rate,5743,5725,0.0,0.0,0.0,0.0,0,False
InternVL3.5-2B,mixed_image_and_metadata,A1->A4,unreliable_rate,5743,5725,0.0,0.0,0.0,0.0,0,False
InternVL3.5-2B,mixed_image_and_metadata,A1->A4,coverage,5743,5725,0.0,0.0,0.0,0.0,0,False
InternVL3.5-2B,mixed_image_and_metadata,A1->A4,accuracy,5743,5725,,,,,2000,False
InternVL3.5-2B,mixed_image_and_metadata,A1->A4,precision,5743,5725,,,,,2000,False
InternVL3.5-2B,mixed_image_and_metadata,A1->A4,sensitivity,5743,5725,,,,,2000,False
InternVL3.5-2B,mixed_image_and_metadata,A1->A4,specificity,5743,5725,,,,,2000,False
InternVL3.5-2B,mixed_image_and_metadata,A1->A4,f1,5743,5725,,,,,2000,False
InternVL3.5-2B,mixed_image_and_metadata,A1->A4,balanced_accuracy,5743,5725,,,,,2000,False
InternVL3.5-2B,mixed_image_and_metadata,A1->A5,reliable_rate,5743,5654,0.0,0.0,0.0,0.0,0,False
InternVL3.5-2B,mixed_image_and_metadata,A1->A5,uncertain_rate,5743,5654,0.0,0.0,0.0,0.0,0,False
InternVL3.5-2B,mixed_image_and_metadata,A1->A5,unreliable_rate,5743,5654,0.0,0.0,0.0,0.0,0,False
InternVL3.5-2B,mixed_image_and_metadata,A1->A5,coverage,5743,5654,0.0,0.0,0.0,0.0,0,False
InternVL3.5-2B,mixed_image_and_metadata,A1->A5,accuracy,5743,5654,,,,,2000,False
InternVL3.5-2B,mixed_image_and_metadata,A1->A5,precision,5743,5654,,,,,2000,False
InternVL3.5-2B,mixed_image_and_metadata,A1->A5,sensitivity,5743,5654,,,,,2000,False
InternVL3.5-2B,mixed_image_and_metadata,A1->A5,specificity,5743,5654,,,,,2000,False
InternVL3.5-2B,mixed_image_and_metadata,A1->A5,f1,5743,5654,,,,,2000,False
InternVL3.5-2B,mixed_image_and_metadata,A1->A5,balanced_accuracy,5743,5654,,,,,2000,False
InternVL3.5-2B,mixed_image_and_metadata,A3->A4,reliable_rate,5590,5725,0.0,0.0,0.0,0.0,0,False
InternVL3.5-2B,mixed_image_and_metadata,A3->A4,uncertain_rate,5590,5725,0.0,0.0,0.0,0.0,0,False
InternVL3.5-2B,mixed_image_and_metadata,A3->A4,unreliable_rate,5590,5725,0.0,0.0,0.0,0.0,0,False
InternVL3.5-2B,mixed_image_and_metadata,A3->A4,coverage,5590,5725,0.0,0.0,0.0,0.0,0,False
InternVL3.5-2B,mixed_image_and_metadata,A3->A4,accuracy,5590,5725,,,,,2000,False
InternVL3.5-2B,mixed_image_and_metadata,A3->A4,precision,5590,5725,,,,,2000,False
InternVL3.5-2B,mixed_image_and_metadata,A3->A4,sensitivity,5590,5725,,,,,2000,False
InternVL3.5-2B,mixed_image_and_metadata,A3->A4,specificity,5590,5725,,,,,2000,False
InternVL3.5-2B,mixed_image_and_metadata,A3->A4,f1,5590,5725,,,,,2000,False
InternVL3.5-2B,mixed_image_and_metadata,A3->A4,balanced_accuracy,5590,5725,,,,,2000,False
InternVL3.5-2B,mixed_image_and_metadata,A3->A5,reliable_rate,5590,5654,0.0,0.0,0.0,0.0,0,False
InternVL3.5-2B,mixed_image_and_metadata,A3->A5,uncertain_rate,5590,5654,0.0,0.0,0.0,0.0,0,False
InternVL3.5-2B,mixed_image_and_metadata,A3->A5,unreliable_rate,5590,5654,0.0,0.0,0.0,0.0,0,False
InternVL3.5-2B,mixed_image_and_metadata,A3->A5,coverage,5590,5654,0.0,0.0,0.0,0.0,0,False
InternVL3.5-2B,mixed_image_and_metadata,A3->A5,accuracy,5590,5654,,,,,2000,False
InternVL3.5-2B,mixed_image_and_metadata,A3->A5,precision,5590,5654,,,,,2000,False
InternVL3.5-2B,mixed_image_and_metadata,A3->A5,sensitivity,5590,5654,,,,,2000,False
InternVL3.5-2B,mixed_image_and_metadata,A3->A5,specificity,5590,5654,,,,,2000,False
InternVL3.5-2B,mixed_image_and_metadata,A3->A5,f1,5590,5654,,,,,2000,False
InternVL3.5-2B,mixed_image_and_metadata,A3->A5,balanced_accuracy,5590,5654,,,,,2000,False
InternVL3.5-4B,text_only,A1->A2,reliable_rate,5747,5747,-0.08595789107360363,-0.09519676842991798,-0.0766319391939372,0.004669501514721147,0,True
InternVL3.5-4B,text_only,A1->A2,uncertain_rate,5747,5747,-0.07482164607621368,-0.08336254900719368,-0.06630093997201039,0.004202534567338686,0,True
InternVL3.5-4B,text_only,A1->A2,unreliable_rate,5747,5747,0.1607795371498173,0.14997220961214228,0.17153243760551923,0.005502963740600511,0,True
InternVL3.5-4B,text_only,A1->A2,coverage,5747,5747,0.07482164607621367,0.06630093997201032,0.08336254900719366,0.004202534567338688,0,True
InternVL3.5-4B,text_only,A1->A2,accuracy,5747,5747,-0.09799262325532032,-0.10743929745920607,-0.08790753215702672,0.004865014394505504,0,True
InternVL3.5-4B,text_only,A1->A2,precision,5747,5747,0.01883096447374155,0.011979219902187768,0.02627933053119306,0.003736737659153132,0,True
InternVL3.5-4B,text_only,A1->A2,sensitivity,5747,5747,-0.1222684566382054,-0.13227987506604194,-0.11174039442578045,0.005126601447252716,0,True
InternVL3.5-4B,text_only,A1->A2,specificity,5747,5747,0.09896799597583339,0.0727063861241878,0.12811233514553497,0.014290174943460972,0,True
InternVL3.5-4B,text_only,A1->A2,f1,5747,5747,-0.11722831213239793,-0.1278038109070843,-0.10666680325528893,0.0052118450090767226,0,True
InternVL3.5-4B,text_only,A1->A2,balanced_accuracy,5747,5747,-0.011650230331186062,-0.025745376384752546,0.003487505515331082,0.007430261714674457,0,False
InternVL3.5-4B,text_only,A2->A3,reliable_rate,5747,5747,-0.05585522881503391,-0.06386957584785434,-0.048566800076234075,0.0038534923811009265,0,True
InternVL3.5-4B,text_only,A2->A3,uncertain_rate,5747,5747,0.0015660344527579596,-0.0010316768359772595,0.004108199712792986,0.0013122235736485331,0,False
InternVL3.5-4B,text_only,A2->A3,unreliable_rate,5747,5747,0.05428919436227597,0.04702755768416872,0.061834279826199136,0.0037865192610652926,0,True
InternVL3.5-4B,text_only,A2->A3,coverage,5747,5747,-0.0015660344527579362,-0.004108199712793026,0.0010316768359772297,0.0013122235736485338,0,False
InternVL3.5-4B,text_only,A2->A3,accuracy,5747,5747,-0.05021330021371495,-0.05792561051239149,-0.0428505176368503,0.0038215824875588453,0,True
InternVL3.5-4B,text_only,A2->A3,precision,5747,5747,0.0050635836628489805,0.0010101734394182937,0.00938601033972291,0.002187787501084135,0,True
InternVL3.5-4B,text_only,A2->A3,sensitivity,5747,5747,-0.059675552003342236,-0.06832042466723275,-0.051846936624297464,0.004227217624710128,0,True
InternVL3.5-4B,text_only,A2->A3,specificity,5747,5747,0.023839495275732703,0.012758968623835331,0.03578093932789509,0.005985091302767916,0,True
InternVL3.5-4B,text_only,A2->A3,f1,5747,5747,-0.0671610251266167,-0.07661918721035317,-0.05790207812082377,0.00473101415428724,0,True
InternVL3.5-4B,text_only,A2->A3,balanced_accuracy,5747,5747,-0.01791802836380474,-0.024845022003114954,-0.010664444444119138,0.003628492372634983,0,True
InternVL3.5-4B,text_only,A1->A3,reliable_rate,5747,5747,-0.14181311988863754,-0.1528634464984003,-0.1313053886896768,0.005468794119442395,0,True
InternVL3.5-4B,text_only,A1->A3,uncertain_rate,5747,5747,-0.07325561162345572,-0.08155547858885781,-0.06448692978895178,0.004250462062723614,0,True
InternVL3.5-4B,text_only,A1->A3,unreliable_rate,5747,5747,0.21506873151209327,0.20287942814887816,0.22712817256511253,0.0062110306747353156,0,True
InternVL3.5-4B,text_only,A1->A3,coverage,5747,5747,0.07325561162345573,0.06448692978895186,0.0815554785888579,0.004250462062723614,0,True
InternVL3.5-4B,text_only,A1->A3,accuracy,5747,5747,-0.14820592346903527,-0.1590175811134556,-0.13676219462923822,0.005717367742805418,0,True
InternVL3.5-4B,text_only,A1->A3,precision,5747,5747,0.023894548136590532,0.015374910541688774,0.033015684907452325,0.004577292732146768,0,True
InternVL3.5-4B,text_only,A1->A3,sensitivity,5747,5747,-0.18194400864154764,-0.19349202308961524,-0.16996623582270057,0.006095083731965795,0,True
InternVL3.5-4B,text_only,A1->A3,specificity,5747,5747,0.12280749125156609,0.09231548439055194,0.15654723628029252,0.016410998340915608,0,True
InternVL3.5-4B,text_only,A1->A3,f1,5747,5747,-0.18438933725901463,-0.196518364172447,-0.17192032183647754,0.006259107352964489,0,True
InternVL3.5-4B,text_only,A1->A3,balanced_accuracy,5747,5747,-0.0295682586949908,-0.045802613780325595,-0.011860357392200826,0.008519048993097602,0,True
InternVL3.5-4B,image_representation,A2->A4,reliable_rate,5747,5747,-0.12249869497128937,-0.13779017407162583,-0.1076204789612552,0.007738098655861679,0,True
InternVL3.5-4B,image_representation,A2->A4,uncertain_rate,5747,5747,-0.0034800765616843574,-0.006138368528678345,-0.0011973080437924937,0.0012564686107415844,0,True
InternVL3.5-4B,image_representation,A2->A4,unreliable_rate,5747,5747,0.12597877153297377,0.11099459325206223,0.14145096980245958,0.0077066652031005795,0,True
InternVL3.5-4B,image_representation,A2->A4,coverage,5747,5747,0.0034800765616843643,0.0011973080437924304,0.006138368528678368,0.001256468610741584,0,True
InternVL3.5-4B,image_representation,A2->A4,accuracy,5747,5747,-0.12465928853271718,-0.1396448671486715,-0.10976127118254804,0.007604814780704633,0,True
InternVL3.5-4B,image_representation,A2->A4,precision,5747,5747,-0.017198855569672156,-0.027663961436470444,-0.007819052270890586,0.005149801324294979,0,True
InternVL3.5-4B,image_representation,A2->A4,sensitivity,5747,5747,-0.13986406340178467,-0.15696654210945124,-0.1229328115478041,0.008604122299817536,0,True
InternVL3.5-4B,image_representation,A2->A4,specificity,5747,5747,-0.004305127469208969,-0.024771438956515675,0.015684353005243734,0.01029170532241072,0,False
InternVL3.5-4B,image_representation,A2->A4,f1,5747,5747,-0.17046246921902275,-0.19096701070616884,-0.15029715636278676,0.010417401259410796,0,True
InternVL3.5-4B,image_representation,A2->A4,balanced_accuracy,5747,5747,-0.07208459543549683,-0.0853530209723013,-0.06020690875389341,0.006481401658471161,0,True
InternVL3.5-4B,image_representation,A2->A5,reliable_rate,5747,5747,-0.24725943970767356,-0.26481303961466607,-0.23008929742533893,0.008764575548478579,0,True
InternVL3.5-4B,image_representation,A2->A5,uncertain_rate,5747,5747,0.15956151035322777,0.14827148432610512,0.1706353666264204,0.005751380652094251,0,True
InternVL3.5-4B,image_representation,A2->A5,unreliable_rate,5747,5747,0.08769792935444587,0.06774104051976398,0.10793030057701292,0.010416962151648886,0,True
InternVL3.5-4B,image_representation,A2->A5,coverage,5747,5747,-0.15956151035322774,-0.17063536662642045,-0.1482714843261051,0.0057513806520942505,0,True
InternVL3.5-4B,image_representation,A2->A5,accuracy,5747,5747,-0.24860200021704157,-0.26675519986561147,-0.23061347855380887,0.009123270950500138,0,True
InternVL3.5-4B,image_representation,A2->A5,precision,5747,5747,-0.026823720063179013,-0.04842241409835031,-0.0064466126280937975,0.010897825767364564,0,True
InternVL3.5-4B,image_representation,A2->A5,sensitivity,5747,5747,-0.2630171994897421,-0.28263741882482313,-0.24402977923613303,0.009834417072197895,0,True
InternVL3.5-4B,image_representation,A2->A5,specificity,5747,5747,0.02068945463004701,-0.004740998723650552,0.047008448346579974,0.01300689882694128,0,False
InternVL3.5-4B,image_representation,A2->A5,f1,5747,5747,-0.35571594152792885,-0.3787324094281965,-0.3331907354615421,0.01169847396883366,0,True
InternVL3.5-4B,image_representation,A2->A5,balanced_accuracy,5747,5747,-0.1211638724298475,-0.13676113227887488,-0.10558420482967003,0.007906658105609029,0,True
InternVL3.5-4B,image_representation,A4->A5,reliable_rate,5747,5747,-0.12476074473638418,-0.13967372976169548,-0.11010194747972243,0.0075379965546056365,0,True
InternVL3.5-4B,image_representation,A4->A5,uncertain_rate,5747,5747,0.16304158691491213,0.15199723326992912,0.1740697076246323,0.005600674852604886,0,True
InternVL3.5-4B,image_representation,A4->A5,unreliable_rate,5747,5747,-0.038280842178527896,-0.05582688217910491,-0.020187951958391216,0.009090923314026592,0,True
InternVL3.5-4B,image_representation,A4->A5,coverage,5747,5747,-0.1630415869149121,-0.17406970762463228,-0.1519972332699291,0.005600674852604885,0,True
InternVL3.5-4B,image_representation,A4->A5,accuracy,5747,5747,-0.12394271168432439,-0.13904586267364935,-0.10910821013955173,0.0075604974125931005,0,True
InternVL3.5-4B,image_representation,A4->A5,precision,5747,5747,-0.009624864493506857,-0.02960763176185357,0.010905152976833449,0.010190211366205473,0,False
InternVL3.5-4B,image_representation,A4->A5,sensitivity,5747,5747,-0.12315313608795746,-0.13951020046678253,-0.10723916076505467,0.008216179982780061,0,True
InternVL3.5-4B,image_representation,A4->A5,specificity,5747,5747,0.02499458209925598,0.0036130235754560786,0.04802627056416268,0.0117047755769011,0,True
InternVL3.5-4B,image_representation,A4->A5,f1,5747,5747,-0.18525347230890607,-0.20826995074535737,-0.16221491622125447,0.011491570627139085,0,True
InternVL3.5-4B,image_representation,A4->A5,balanced_accuracy,5747,5747,-0.04907927699435066,-0.061664336521954764,-0.03565800420742563,0.006697078149798962,0,True
InternVL3.5-4B,mixed_image_and_metadata,A1->A4,reliable_rate,5747,5747,-0.208456586044893,-0.22471582575069687,-0.19111428308495573,0.008564090308263854,0,True
InternVL3.5-4B,mixed_image_and_metadata,A1->A4,uncertain_rate,5747,5747,-0.07830172263789803,-0.08729060535580492,-0.06977208607230022,0.004471004753720797,0,True
InternVL3.5-4B,mixed_image_and_metadata,A1->A4,unreliable_rate,5747,5747,0.28675830868279106,0.26971548682961566,0.3037558805528997,0.008602861909255808,0,True
InternVL3.5-4B,mixed_image_and_metadata,A1->A4,coverage,5747,5747,0.07830172263789803,0.06977208607230022,0.08729060535580492,0.004471004753720798,0,True
InternVL3.5-4B,mixed_image_and_metadata,A1->A4,accuracy,5747,5747,-0.2226519117880375,-0.23894110408754754,-0.20568296403658337,0.008293197404589444,0,True
InternVL3.5-4B,mixed_image_and_metadata,A1->A4,precision,5747,5747,0.001632108904069396,-0.008812078528110116,0.011637066476660667,0.00521636699874367,0,False
InternVL3.5-4B,mixed_image_and_metadata,A1->A4,sensitivity,5747,5747,-0.2621325200399901,-0.28063270016403896,-0.243118904815051,0.009494364741294633,0,True
InternVL3.5-4B,mixed_image_and_metadata,A1->A4,specificity,5747,5747,0.09466286850662442,0.0643212690428348,0.12480281633550688,0.015491988763409036,0,True
InternVL3.5-4B,mixed_image_and_metadata,A1->A4,f1,5747,5747,-0.2876907813514207,-0.30816213236043266,-0.2669987362305777,0.010506688081796086,0,True
InternVL3.5-4B,mixed_image_and_metadata,A1->A4,balanced_accuracy,5747,5747,-0.0837348257666829,-0.10008773672945336,-0.06745945413706148,0.008525786146253758,0,True
InternVL3.5-4B,mixed_image_and_metadata,A1->A5,reliable_rate,5747,5747,-0.3332173307812772,-0.3515849449564164,-0.31558930530331203,0.009096531283022211,0,True
InternVL3.5-4B,mixed_image_and_metadata,A1->A5,uncertain_rate,5747,5747,0.0847398642770141,0.07067414699970623,0.09861894748979609,0.007126089369460487,0,True
InternVL3.5-4B,mixed_image_and_metadata,A1->A5,unreliable_rate,5747,5747,0.24847746650426317,0.22717212291142058,0.2702473068910529,0.0112474548167173,0,True
InternVL3.5-4B,mixed_image_and_metadata,A1->A5,coverage,5747,5747,-0.08473986427701408,-0.0986189474897961,-0.0706741469997063,0.007126089369460488,0,True
InternVL3.5-4B,mixed_image_and_metadata,A1->A5,accuracy,5747,5747,-0.3465946234723619,-0.3661292106372482,-0.32778226945695427,0.009760762919646426,0,True
InternVL3.5-4B,mixed_image_and_metadata,A1->A5,precision,5747,5747,-0.007992755589437461,-0.029078177962642938,0.011790537674596781,0.010502258591950342,0,False
InternVL3.5-4B,mixed_image_and_metadata,A1->A5,sensitivity,5747,5747,-0.3852856561279475,-0.4069365325914807,-0.36469179230493887,0.010642477641892646,0,True
InternVL3.5-4B,mixed_image_and_metadata,A1->A5,specificity,5747,5747,0.1196574506058804,0.08453970006109404,0.15444477471692508,0.018031185531244668,0,True
InternVL3.5-4B,mixed_image_and_metadata,A1->A5,f1,5747,5747,-0.4729442536603268,-0.49452306414082714,-0.45152780635513695,0.011084066864008946,0,True
InternVL3.5-4B,mixed_image_and_metadata,A1->A5,balanced_accuracy,5747,5747,-0.13281410276103356,-0.15227773444339593,-0.11384435240485982,0.009903414320916295,0,True
InternVL3.5-4B,mixed_image_and_metadata,A3->A4,reliable_rate,5747,5747,-0.06664346615625547,-0.08037801696624469,-0.053309160081734364,0.006957212267179112,0,True
InternVL3.5-4B,mixed_image_and_metadata,A3->A4,uncertain_rate,5747,5747,-0.005046111014442317,-0.0077680851660002085,-0.002420805203373144,0.001376662717265481,0,True
InternVL3.5-4B,mixed_image_and_metadata,A3->A4,unreliable_rate,5747,5747,0.0716895771706978,0.0583260927982802,0.08502863843176733,0.006917448057450912,0,True
InternVL3.5-4B,mixed_image_and_metadata,A3->A4,coverage,5747,5747,0.0050461110144423005,0.0024208052033731497,0.007768085166000222,0.0013766627172654819,0,True
InternVL3.5-4B,mixed_image_and_metadata,A3->A4,accuracy,5747,5747,-0.07444598831900223,-0.08795941036509994,-0.06112440856966151,0.006825306359019304,0,True
InternVL3.5-4B,mixed_image_and_metadata,A3->A4,precision,5747,5747,-0.022262439232521136,-0.03428332034353348,-0.011318947473016969,0.00595558824733722,0,True
InternVL3.5-4B,mixed_image_and_metadata,A3->A4,sensitivity,5747,5747,-0.08018851139844244,-0.09564228874141281,-0.06541434140868324,0.007662723395295759,0,True
InternVL3.5-4B,mixed_image_and_metadata,A3->A4,specificity,5747,5747,-0.028144622744941672,-0.051372980337825586,-0.0062693293559769716,0.01134523527812254,0,True
InternVL3.5-4B,mixed_image_and_metadata,A3->A4,f1,5747,5747,-0.10330144409240605,-0.12283227030777279,-0.08461144892863437,0.009800259944147368,0,True
InternVL3.5-4B,mixed_image_and_metadata,A3->A4,balanced_accuracy,5747,5747,-0.054166567071692096,-0.06751897037969168,-0.041479816626470246,0.0066395220776073295,0,True
InternVL3.5-4B,mixed_image_and_metadata,A3->A5,reliable_rate,5747,5747,-0.19140421089263965,-0.20717136115773094,-0.17574752092886473,0.008061951718934495,0,True
InternVL3.5-4B,mixed_image_and_metadata,A3->A5,uncertain_rate,5747,5747,0.15799547590046983,0.14674180280094232,0.1689522311554696,0.005717689770977097,0,True
InternVL3.5-4B,mixed_image_and_metadata,A3->A5,unreliable_rate,5747,5747,0.0334087349921699,0.014349002886461274,0.05209825418949349,0.009898281691580057,0,True
InternVL3.5-4B,mixed_image_and_metadata,A3->A5,coverage,5747,5747,-0.1579954759004698,-0.16895223115546967,-0.14674180280094226,0.005717689770977097,0,True
InternVL3.5-4B,mixed_image_and_metadata,A3->A5,accuracy,5747,5747,-0.19838870000332662,-0.21543621529154647,-0.18136045175305737,0.00850803939332316,0,True
InternVL3.5-4B,mixed_image_and_metadata,A3->A5,precision,5747,5747,-0.03188730372602799,-0.05536338333683681,-0.010737673539810139,0.011409588681720267,0,True
InternVL3.5-4B,mixed_image_and_metadata,A3->A5,sensitivity,5747,5747,-0.20334164748639988,-0.22067784782284372,-0.1852411710775383,0.009111336019364183,0,True
InternVL3.5-4B,mixed_image_and_metadata,A3->A5,specificity,5747,5747,-0.003150040645685692,-0.028157356449638102,0.021310817894410968,0.012917205907109031,0,False
InternVL3.5-4B,mixed_image_and_metadata,A3->A5,f1,5747,5747,-0.28855491640131214,-0.3110424625579753,-0.26543638014870696,0.011743147271905676,0,True
InternVL3.5-4B,mixed_image_and_metadata,A3->A5,balanced_accuracy,5747,5747,-0.10324584406604276,-0.11828751994435052,-0.08857563391247304,0.007680346455868256,0,True
InternVL3.5-14B,text_only,A1->A2,reliable_rate,5747,5747,0.020358447885853503,0.015949234886583973,0.024941960685334122,0.0023266799288663305,0,True
InternVL3.5-14B,text_only,A1->A2,uncertain_rate,5747,5747,0.015312336871411168,0.010610154713084637,0.020247407190405037,0.00251838513092837,0,True
InternVL3.5-14B,text_only,A1->A2,unreliable_rate,5747,5747,-0.035670784757264665,-0.041207374711280845,-0.030399223197048197,0.0026893382656994736,0,True
InternVL3.5-14B,text_only,A1->A2,coverage,5747,5747,-0.015312336871411092,-0.020247407190404985,-0.010610154713084673,0.002518385130928368,0,True
InternVL3.5-14B,text_only,A1->A2,accuracy,5747,5747,0.022433115152191707,0.017393099127515504,0.02762912507231324,0.002621087725293027,0,True
InternVL3.5-14B,text_only,A1->A2,precision,5747,5747,-0.0024003260494798173,-0.004641412174818896,-0.00025467578255223433,0.0011482077980545906,0,True
InternVL3.5-14B,text_only,A1->A2,sensitivity,5747,5747,0.03079533397714629,0.025676997213074048,0.03615173385327645,0.0026684148293475846,0,True
InternVL3.5-14B,text_only,A1->A2,specificity,5747,5747,-0.07148695592943255,-0.09289057610685336,-0.052270332634855955,0.010377204463956957,0,True
InternVL3.5-14B,text_only,A1->A2,f1,5747,5747,0.013907264163084077,0.010971663084954352,0.016988064000651754,0.0015406631279115202,0,True
InternVL3.5-14B,text_only,A1->A2,balanced_accuracy,5747,5747,-0.020345810976143075,-0.03089618005881329,-0.010528291102460592,0.005320120481468678,0,True
InternVL3.5-14B,text_only,A2->A3,reliable_rate,5747,5747,-0.006264137811031856,-0.009953945836875602,-0.0027073377399164087,0.001825404330607134,0,True
InternVL3.5-14B,text_only,A2->A3,uncertain_rate,5747,5747,-0.013224290934400557,-0.017091738585745676,-0.009419187143595015,0.0019448286880331194,0,True
InternVL3.5-14B,text_only,A2->A3,unreliable_rate,5747,5747,0.0194884287454324,0.015930745987435352,0.02347754022168483,0.0019420279761985214,0,True
InternVL3.5-14B,text_only,A2->A3,coverage,5747,5747,0.013224290934400473,0.009419187143594954,0.017091738585745777,0.0019448286880331183,0,True
InternVL3.5-14B,text_only,A2->A3,accuracy,5747,5747,-0.007323531327562582,-0.01120668310337461,-0.0037948005913304625,0.0018602959391141958,0,True
InternVL3.5-14B,text_only,A2->A3,precision,5747,5747,0.003618736523739674,0.0015679335756916047,0.0056712318225915406,0.0010278373837576086,0,True
InternVL3.5-14B,text_only,A2->A3,sensitivity,5747,5747,-0.013660641294389486,-0.017332233514045076,-0.010234020194919785,0.0018001180290921235,0,True
InternVL3.5-14B,text_only,A2->A3,specificity,5747,5747,0.06256160728300109,0.04476598184699999,0.0813243663779096,0.009459135535803,0,True
InternVL3.5-14B,text_only,A2->A3,f1,5747,5747,-0.004796965512153029,-0.006933769596548322,-0.0027974579848775707,0.0010647262357769307,0,True
InternVL3.5-14B,text_only,A2->A3,balanced_accuracy,5747,5747,0.024450482994305744,0.015246586190644756,0.03396075552118164,0.004786710045804126,0,True
InternVL3.5-14B,text_only,A1->A3,reliable_rate,5747,5747,0.014094310074821648,0.009794625808750481,0.018752566441276115,0.0022425962791999205,0,True
InternVL3.5-14B,text_only,A1->A3,uncertain_rate,5747,5747,0.0020880459370106116,-0.0016041542255013413,0.005956731238739949,0.00193995071929744,0,False
InternVL3.5-14B,text_only,A1->A3,unreliable_rate,5747,5747,-0.016182356011832266,-0.020437197600443335,-0.011949227633233419,0.0021622604069666132,0,True
InternVL3.5-14B,text_only,A1->A3,coverage,5747,5747,-0.0020880459370106186,-0.005956731238739982,0.001604154225501359,0.001939950719297439,0,False
InternVL3.5-14B,text_only,A1->A3,accuracy,5747,5747,0.015109583824629125,0.010893152395323045,0.019310388391607206,0.0021652936984160463,0,True
InternVL3.5-14B,text_only,A1->A3,precision,5747,5747,0.0012184104742598567,-0.0009467962328872481,0.003412621365931991,0.0011150523729290612,0,False
InternVL3.5-14B,text_only,A1->A3,sensitivity,5747,5747,0.017134692682756802,0.012858806414647764,0.021389092618406894,0.0021919971395938168,0,True
InternVL3.5-14B,text_only,A1->A3,specificity,5747,5747,-0.008925348646431464,-0.027237620002848337,0.009417678935800854,0.009079810365705335,0,False
InternVL3.5-14B,text_only,A1->A3,f1,5747,5747,0.009110298650931048,0.006684101596547651,0.011603417300467104,0.0012734445558000794,0,True
InternVL3.5-14B,text_only,A1->A3,balanced_accuracy,5747,5747,0.0041046720181626695,-0.005242622388788721,0.013420148774183432,0.004669854384720325,0,False
InternVL3.5-14B,image_representation,A2->A4,reliable_rate,5747,5747,-0.05063511397250742,-0.059758110963536656,-0.042612959496754726,0.004300492279608969,0,True
InternVL3.5-14B,image_representation,A2->A4,uncertain_rate,5747,5747,-0.010962241169305727,-0.01751187088769186,-0.003803343763238419,0.0034794217750435783,0,True
InternVL3.5-14B,image_representation,A2->A4,unreliable_rate,5747,5747,0.06159735514181311,0.05415374368497095,0.06999430028157134,0.004035872608041063,0,True
InternVL3.5-14B,image_representation,A2->A4,coverage,5747,5747,0.010962241169305664,0.0038033437632384037,0.017511870887691888,0.0034794217750435765,0,True
InternVL3.5-14B,image_representation,A2->A4,accuracy,5747,5747,-0.02758953221838012,-0.035962231397501015,-0.01944577647037303,0.004179194806196828,0,True
InternVL3.5-14B,image_representation,A2->A4,precision,5747,5747,0.013473817493877327,0.009031487011302158,0.018035854353078733,0.0023233173960746,0,True
InternVL3.5-14B,image_representation,A2->A4,sensitivity,5747,5747,-0.04951514326595252,-0.057976586356288246,-0.042119949717486456,0.00398734139573104,0,True
InternVL3.5-14B,image_representation,A2->A4,specificity,5747,5747,0.17734421597865324,0.14317581041251096,0.21209192812461294,0.01785218837803584,0,True
InternVL3.5-14B,image_representation,A2->A4,f1,5747,5747,-0.01797453160560958,-0.022895201380355334,-0.013272890889791089,0.0024333968375567752,0,True
InternVL3.5-14B,image_representation,A2->A4,balanced_accuracy,5747,5747,0.06391453635635036,0.0463376505827388,0.08164994325778942,0.00906385810779121,0,True
InternVL3.5-14B,image_representation,A2->A5,reliable_rate,5747,5747,-0.2905863929006438,-0.3043170651872585,-0.27567932319225896,0.007461112171279651,0,True
InternVL3.5-14B,image_representation,A2->A5,uncertain_rate,5747,5747,0.1404210892639638,0.1292902619840317,0.1522335506587475,0.005743761436678702,0,True
InternVL3.5-14B,image_representation,A2->A5,unreliable_rate,5747,5747,0.15016530363668001,0.13569076889318482,0.1641884909804413,0.007252969565784468,0,True
InternVL3.5-14B,image_representation,A2->A5,coverage,5747,5747,-0.1404210892639638,-0.15223355065874752,-0.12929026198403165,0.005743761436678701,0,True
InternVL3.5-14B,image_representation,A2->A5,accuracy,5747,5747,-0.15754023898980596,-0.17310657125020318,-0.1417053388930052,0.008209926238743224,0,True
InternVL3.5-14B,image_representation,A2->A5,precision,5747,5747,0.026145485829331516,0.01863100328058269,0.033314389750040876,0.003818366084042825,0,True
InternVL3.5-14B,image_representation,A2->A5,sensitivity,5747,5747,-0.20598133939475927,-0.222255624341503,-0.189869195745921,0.00832366616837252,0,True
InternVL3.5-14B,image_representation,A2->A5,specificity,5747,5747,0.19534933106816732,0.1340794611009162,0.2546236194560005,0.031058285217956064,0,True
InternVL3.5-14B,image_representation,A2->A5,f1,5747,5747,-0.1013085084656754,-0.11206950346956158,-0.09091305128110251,0.005447077127845033,0,True
InternVL3.5-14B,image_representation,A2->A5,balanced_accuracy,5747,5747,-0.005316004163296029,-0.037040961788185583,0.025354941696254997,0.01604384616930494,0,False
InternVL3.5-14B,image_representation,A4->A5,reliable_rate,5747,5747,-0.2399512789281364,-0.2536122206543522,-0.22546081798460438,0.007387987723647248,0,True
InternVL3.5-14B,image_representation,A4->A5,uncertain_rate,5747,5747,0.15138333043326951,0.14015522312044423,0.1630398056545284,0.005751607103478949,0,True
InternVL3.5-14B,image_representation,A4->A5,unreliable_rate,5747,5747,0.0885679484948669,0.07324397709526288,0.10378095364348923,0.00777787504195139,0,True
InternVL3.5-14B,image_representation,A4->A5,coverage,5747,5747,-0.15138333043326946,-0.16303980565452847,-0.14015522312044418,0.005751607103478949,0,True
InternVL3.5-14B,image_representation,A4->A5,accuracy,5747,5747,-0.12995070677142584,-0.14644124592450058,-0.11388990088200919,0.008355637599995698,0,True
InternVL3.5-14B,image_representation,A4->A5,precision,5747,5747,0.01267166833545419,0.005004705249413183,0.019790236030663367,0.003834198996656497,0,True
InternVL3.5-14B,image_representation,A4->A5,sensitivity,5747,5747,-0.15646619612880674,-0.17340687528946735,-0.1399126504049576,0.008646483554201986,0,True
InternVL3.5-14B,image_representation,A4->A5,specificity,5747,5747,0.01800511508951408,-0.04759488587421181,0.07798470148278558,0.03217709849516314,0,False
InternVL3.5-14B,image_representation,A4->A5,f1,5747,5747,-0.08333397686006583,-0.09465807464215,-0.07269880112995768,0.005587559087092649,0,True
InternVL3.5-14B,image_representation,A4->A5,balanced_accuracy,5747,5747,-0.06923054051964639,-0.10268220968484632,-0.03852505955899713,0.01666775450583104,0,True
InternVL3.5-14B,mixed_image_and_metadata,A1->A4,reliable_rate,5747,5747,-0.030276666086653914,-0.03907066490425243,-0.02233931496165235,0.004286890198249986,0,True
InternVL3.5-14B,mixed_image_and_metadata,A1->A4,uncertain_rate,5747,5747,0.0043500957021054415,-0.0015627066861784917,0.010316546086442013,0.002961378915664957,0,False
InternVL3.5-14B,mixed_image_and_metadata,A1->A4,unreliable_rate,5747,5747,0.025926570384548445,0.01792102769999428,0.034133000468173275,0.004137728174327001,0,True
InternVL3.5-14B,mixed_image_and_metadata,A1->A4,coverage,5747,5747,-0.004350095702105428,-0.010316546086442021,0.0015627066861785522,0.0029613789156649564,0,False
InternVL3.5-14B,mixed_image_and_metadata,A1->A4,accuracy,5747,5747,-0.005156417066188412,-0.013399818728978805,0.0029956269604340096,0.004192946322353464,0,False
InternVL3.5-14B,mixed_image_and_metadata,A1->A4,precision,5747,5747,0.01107349144439751,0.006652680514101237,0.015683573841572814,0.0023023555425618876,0,True
InternVL3.5-14B,mixed_image_and_metadata,A1->A4,sensitivity,5747,5747,-0.018719809288806233,-0.02721455799970349,-0.010727779135634594,0.004139006886447811,0,True
InternVL3.5-14B,mixed_image_and_metadata,A1->A4,specificity,5747,5747,0.10585726004922069,0.07059069430859756,0.14188763111558958,0.017980621280738202,0,True
InternVL3.5-14B,mixed_image_and_metadata,A1->A4,f1,5747,5747,-0.004067267442525502,-0.008952152221372666,0.0007373292212957086,0.0024769914382663715,0,False
InternVL3.5-14B,mixed_image_and_metadata,A1->A4,balanced_accuracy,5747,5747,0.043568725380207285,0.02486940953745038,0.06157361949521044,0.009175696567321529,0,True
InternVL3.5-14B,mixed_image_and_metadata,A1->A5,reliable_rate,5747,5747,-0.2702279450147903,-0.2846804742368378,-0.2552152092815823,0.0077050659788004535,0,True
InternVL3.5-14B,mixed_image_and_metadata,A1->A5,uncertain_rate,5747,5747,0.15573342613537497,0.14448430394989906,0.16767636238779612,0.0060381973656753905,0,True
InternVL3.5-14B,mixed_image_and_metadata,A1->A5,unreliable_rate,5747,5747,0.11449451887941535,0.09845549626253661,0.1291843004931117,0.008031580809828257,0,True
InternVL3.5-14B,mixed_image_and_metadata,A1->A5,coverage,5747,5747,-0.15573342613537489,-0.1676763623877962,-0.14448430394989914,0.006038197365675392,0,True
InternVL3.5-14B,mixed_image_and_metadata,A1->A5,accuracy,5747,5747,-0.13510712383761425,-0.15149007936256917,-0.11824238828089896,0.00865195235916319,0,True
InternVL3.5-14B,mixed_image_and_metadata,A1->A5,precision,5747,5747,0.0237451597798517,0.015812180111594496,0.031085102766956845,0.003907768045924046,0,True
InternVL3.5-14B,mixed_image_and_metadata,A1->A5,sensitivity,5747,5747,-0.17518600541761298,-0.19267590919235938,-0.1573861538845207,0.009000108650657496,0,True
InternVL3.5-14B,mixed_image_and_metadata,A1->A5,specificity,5747,5747,0.12386237513873477,0.06067902516737317,0.18400179841994596,0.03157989903228253,0,True
InternVL3.5-14B,mixed_image_and_metadata,A1->A5,f1,5747,5747,-0.08740124430259133,-0.09848671620707436,-0.07601647531069172,0.0057494762416222854,0,True
InternVL3.5-14B,mixed_image_and_metadata,A1->A5,balanced_accuracy,5747,5747,-0.025661815139439104,-0.05736609469399994,0.006404958379439266,0.016328682819586056,0,False
InternVL3.5-14B,mixed_image_and_metadata,A3->A4,reliable_rate,5747,5747,-0.04437097616147556,-0.05329565200693866,-0.03637226293633284,0.004290482193282959,0,True
InternVL3.5-14B,mixed_image_and_metadata,A3->A4,uncertain_rate,5747,5747,0.00226204976509483,-0.003525012236906511,0.008472180132013554,0.003003566035114752,0,False
InternVL3.5-14B,mixed_image_and_metadata,A3->A4,unreliable_rate,5747,5747,0.04210892639638071,0.03451954531439445,0.05018057736329109,0.003949708699262335,0,True
InternVL3.5-14B,mixed_image_and_metadata,A3->A4,coverage,5747,5747,-0.002262049765094809,-0.008472180132013543,0.0035250122369065535,0.003003566035114752,0,False
InternVL3.5-14B,mixed_image_and_metadata,A3->A4,accuracy,5747,5747,-0.020266000890817537,-0.028407097217760583,-0.012605098176939382,0.004042950222041294,0,True
InternVL3.5-14B,mixed_image_and_metadata,A3->A4,precision,5747,5747,0.009855080970137653,0.0055528735288786265,0.014439057860190849,0.002274489287450197,0,True
InternVL3.5-14B,mixed_image_and_metadata,A3->A4,sensitivity,5747,5747,-0.035854501971563035,-0.043819558958486333,-0.02840032139130107,0.003938283005334903,0,True
InternVL3.5-14B,mixed_image_and_metadata,A3->A4,specificity,5747,5747,0.11478260869565216,0.08051243261782375,0.150763970765876,0.017972446416792784,0,True
InternVL3.5-14B,mixed_image_and_metadata,A3->A4,f1,5747,5747,-0.01317756609345655,-0.017936806520810703,-0.008659668483271234,0.002370118587273798,0,True
InternVL3.5-14B,mixed_image_and_metadata,A3->A4,balanced_accuracy,5747,5747,0.039464053362044615,0.021805204509483794,0.05737673556927492,0.009145228671821213,0,True
InternVL3.5-14B,mixed_image_and_metadata,A3->A5,reliable_rate,5747,5747,-0.28432225508961195,-0.29865594238972504,-0.26906046939785877,0.007586842714936372,0,True
InternVL3.5-14B,mixed_image_and_metadata,A3->A5,uncertain_rate,5747,5747,0.15364538019836435,0.1425356383021725,0.16526927002603395,0.005832784319670377,0,True
InternVL3.5-14B,mixed_image_and_metadata,A3->A5,unreliable_rate,5747,5747,0.13067687489124763,0.11568083957665747,0.1448685869816516,0.007552941740464108,0,True
InternVL3.5-14B,mixed_image_and_metadata,A3->A5,coverage,5747,5747,-0.15364538019836427,-0.16526927002603395,-0.1425356383021725,0.0058327843196703776,0,True
InternVL3.5-14B,mixed_image_and_metadata,A3->A5,accuracy,5747,5747,-0.15021670766224338,-0.1664626419723774,-0.13430773008875568,0.008292730447517742,0,True
InternVL3.5-14B,mixed_image_and_metadata,A3->A5,precision,5747,5747,0.022526749305591842,0.014911244806970833,0.029505986884024327,0.0037609277670800907,0,True
InternVL3.5-14B,mixed_image_and_metadata,A3->A5,sensitivity,5747,5747,-0.19232069810036978,-0.20874466371702013,-0.1756552580510387,0.008557925843606597,0,True
InternVL3.5-14B,mixed_image_and_metadata,A3->A5,specificity,5747,5747,0.13278772378516623,0.07147029676467775,0.18824880921781384,0.03078842071160302,0,True
InternVL3.5-14B,mixed_image_and_metadata,A3->A5,f1,5747,5747,-0.09651154295352238,-0.10748736183651318,-0.0861201718214436,0.005526552964053681,0,True
InternVL3.5-14B,mixed_image_and_metadata,A3->A5,balanced_accuracy,5747,5747,-0.029766487157601773,-0.061025855813391365,0.00025838835377355463,0.015930713467736096,0,False
